-- phpMyAdmin SQL Dump
-- version 5.2.0
-- https://www.phpmyadmin.net/
--
-- Host: 127.0.0.1:3306
-- Generation Time: May 02, 2023 at 04:29 PM
-- Server version: 8.0.31
-- PHP Version: 8.0.26

SET SQL_MODE = "NO_AUTO_VALUE_ON_ZERO";
START TRANSACTION;
SET time_zone = "+00:00";


/*!40101 SET @OLD_CHARACTER_SET_CLIENT=@@CHARACTER_SET_CLIENT */;
/*!40101 SET @OLD_CHARACTER_SET_RESULTS=@@CHARACTER_SET_RESULTS */;
/*!40101 SET @OLD_COLLATION_CONNECTION=@@COLLATION_CONNECTION */;
/*!40101 SET NAMES utf8mb4 */;

--
-- Database: `flyres`
--

DELIMITER $$
--
-- Procedures
--
DROP PROCEDURE IF EXISTS `Customer Email List`$$
CREATE DEFINER=`root`@`localhost` PROCEDURE `Customer Email List` ()   BEGIN
	SELECT first_name, last_name, email FROM passenger WHERE is_customer = 'Yes';
END$$

DROP PROCEDURE IF EXISTS `Employee email list`$$
CREATE DEFINER=`root`@`localhost` PROCEDURE `Employee email list` ()   BEGIN
	SELECT first_name, last_name, email FROM employee;
END$$

DROP PROCEDURE IF EXISTS `Employee mailing list`$$
CREATE DEFINER=`root`@`localhost` PROCEDURE `Employee mailing list` ()   BEGIN
	SELECT first_name, last_name, address, city, state, zip FROM employee;
END$$

DROP PROCEDURE IF EXISTS `passenger mailing list`$$
CREATE DEFINER=`root`@`localhost` PROCEDURE `passenger mailing list` ()   BEGIN
	SELECT first_name, last_name, address, city, state, zip FROM passenger;
END$$

DROP PROCEDURE IF EXISTS `revenue by customer`$$
CREATE DEFINER=`root`@`localhost` PROCEDURE `revenue by customer` (IN `pid` INT)   SELECT
  SUM(revenue) AS passenger_revenue
FROM reservation
	WHERE passenger = pid$$

DROP PROCEDURE IF EXISTS `revenue by employee`$$
CREATE DEFINER=`root`@`localhost` PROCEDURE `revenue by employee` (IN `eid` INT)   SELECT
  SUM(revenue) AS employee_revenue
FROM reservation
	WHERE customer_rep = eid$$

DELIMITER ;

-- --------------------------------------------------------

--
-- Table structure for table `account`
--

DROP TABLE IF EXISTS `account`;
CREATE TABLE IF NOT EXISTS `account` (
  `account_id` int NOT NULL AUTO_INCREMENT,
  `owner` int NOT NULL,
  `cc_number` varchar(16) DEFAULT NULL,
  `open_date` date NOT NULL,
  PRIMARY KEY (`account_id`),
  KEY `owner` (`owner`)
) ENGINE=InnoDB AUTO_INCREMENT=8 DEFAULT CHARSET=utf8mb4 COLLATE=utf8mb4_0900_ai_ci;

--
-- Dumping data for table `account`
--

INSERT INTO `account` (`account_id`, `owner`, `cc_number`, `open_date`) VALUES
(1, 1, '4347123443219876', '2023-01-02'),
(2, 4, '3456738249089831', '2023-02-08'),
(3, 5, '3902491247894487', '2023-04-03'),
(4, 6, '4347091234987401', '2023-02-07'),
(5, 8, '4445895234569876', '2023-04-17'),
(6, 7, '4347696954234950', '2023-04-17'),
(7, 9, '4347123409873424', '2023-04-21');

-- --------------------------------------------------------

--
-- Table structure for table `airline`
--

DROP TABLE IF EXISTS `airline`;
CREATE TABLE IF NOT EXISTS `airline` (
  `airline_id` varchar(2) NOT NULL,
  `airline_name` varchar(50) NOT NULL,
  PRIMARY KEY (`airline_id`)
) ENGINE=InnoDB DEFAULT CHARSET=utf8mb4 COLLATE=utf8mb4_0900_ai_ci;

--
-- Dumping data for table `airline`
--

INSERT INTO `airline` (`airline_id`, `airline_name`) VALUES
('AA', 'American Airlines'),
('AF', 'Air France'),
('BA', 'British Airways'),
('DL', 'Delta Airlines'),
('QF', 'Qantas Airways'),
('SW', 'Southwest'),
('UA', 'United Airlines'),
('VS', 'Virgin Atlantic Airways');

-- --------------------------------------------------------

--
-- Table structure for table `airport`
--

DROP TABLE IF EXISTS `airport`;
CREATE TABLE IF NOT EXISTS `airport` (
  `airport_id` varchar(3) NOT NULL,
  `airport_name` varchar(50) NOT NULL,
  `city` varchar(50) NOT NULL,
  `state` varchar(50) DEFAULT NULL,
  `country` varchar(50) NOT NULL DEFAULT 'United States',
  PRIMARY KEY (`airport_id`)
) ENGINE=InnoDB DEFAULT CHARSET=utf8mb4 COLLATE=utf8mb4_0900_ai_ci;

--
-- Dumping data for table `airport`
--

INSERT INTO `airport` (`airport_id`, `airport_name`, `city`, `state`, `country`) VALUES
('ABQ', 'Albuquerque International Sunport', 'Albuquerque', 'New Mexico', 'United States'),
('ANC', 'Ted Stevens Anchorage International Airport', 'Anchorage', 'Alaska', 'United States'),
('ATH', 'Athens International Airport', 'Athens', NULL, 'Greece'),
('ATL', 'Hartsfield-Jackson Atlanta International Airport', 'Atlanta', 'Georgia', 'United States'),
('BCN', 'Barcelona International Airport', 'Barcelona', NULL, 'Spain'),
('BDL', 'Bradley International Airport', 'Hartford', 'Connecticut', 'United States'),
('BHM', 'Birmingham-Shuttlesworth International Airport', 'Birmingham', 'Alabama', 'United States'),
('BKK', 'Suvarnabhumi Airport', 'Bangkok', NULL, 'Thailand'),
('BNA', 'Nashville International Airport', 'Nashville', 'Tennessee', 'United States'),
('BOS', 'Gen. Edward Lawrence Logan International Airport', 'Boston', 'Massachusetts', 'United States'),
('BTR', 'Baton Rouge Metropolitan Airport', 'Baton Rouge', 'Louisiana', 'United States'),
('BTV', 'Burlington International Airport', 'Burlington', 'Vermont', 'United States'),
('BWI', 'Baltimore/Washington International Airport', 'Baltimore', 'Maryland', 'United States'),
('BZN', 'Bozeman Yellowstone International Airport', 'Bozeman', 'Montana', 'United States'),
('CAI', 'Cairo International Airport', 'Cairo', NULL, 'Egypt'),
('CDG', 'Paris Charles de Gaulle Airport', 'Paris', NULL, 'France'),
('CHS', 'Charleston International Airport', 'Charleston', 'South Carolina', 'United States'),
('CLE', 'Cleveland Hopkins International Airport', 'Cleveland', 'Ohio', 'United States'),
('CLT', 'Charlotte Douglas International Airport', 'Charlotte ', 'North Carolina', 'United States'),
('CMH', 'John Glenn Columbus International Airport', 'Columbus', 'Ohio', 'United States'),
('CUN', 'Cancun International Airport', 'Cancun', NULL, 'Mexico'),
('DCA', 'Ronald Reagan Washington International Airport', 'Washington, D.C.', 'Virginia', 'United States'),
('DEN', 'Denver International Airport', 'Denver', 'Colorado', 'United States'),
('DFW', 'Dallas Fort Worth International Airport', 'Dallas', 'Texas', 'United States'),
('DSM', 'Des Moines International Airport', 'Des Moines', 'Iowa', 'United States'),
('DTW', 'Detroit Metro Wayne County Airport', 'Detroit', 'Michigan', 'United States'),
('DUB', 'Dublin Airport', 'Dublin', NULL, 'Ireland'),
('DXB', 'Dubai International Airport', 'Dubai', NULL, 'United Arab Emirates'),
('EWR', 'Newark Liberty International Airport', 'Newark', 'New Jersey', 'United States'),
('FAI', 'Fairbanks International Airport', 'Fairbanks', 'Alaska', 'United States'),
('FAR', 'Hector International Airport', 'Fargo', 'North Dakota', 'United States'),
('FCO', 'Leonardo da Vinci International Airport', 'Rome', NULL, 'Italy'),
('FLG', 'Flagstaff Pulliam Airport', 'Flagstaff', 'Arizona', 'United States'),
('FLL', 'Fort Lauderdale-Hollywood International Airport', 'Fort Lauderdale', 'Florida', 'United States'),
('FLR', 'Florence Airport, Peretola', 'Florence', NULL, 'Italy'),
('FSD', 'Joe Foss Field', 'Sioux Falls', 'South Dakota', 'United States'),
('GEG', 'Spokane International Airport', 'Spokane', 'Washington', 'United States'),
('GIG', 'Rio de Janeiro/Galeao International Airport', 'Rio de Janeiro', NULL, 'Brazil'),
('GSP', 'Greenville-Spartanburg International Airport', 'Greenville', 'South Carolina', 'United States'),
('HHN', 'Frankfurt-Hahn Airport', 'Frankfurt', NULL, 'Germany'),
('HND', 'Tokyo International Airport', 'Tokyo', NULL, 'Japan'),
('HNL', 'Daniel K. Inouye International Airport', 'Honolulu, Oahu', 'Hawaii', 'United States'),
('IAD', 'Washington Dulles International Airport', 'Washington D.C. ', 'Virginia', 'United States'),
('IAH', 'George Bush Intercontinental/Houston Airport', 'Houston', 'Texas', 'United States'),
('ICT', 'Wichita Dwight D. Eisenhower National Airport', 'Wichita', 'Kansas', 'United States'),
('ILG', 'Wilmington Airport', 'Wilmington', 'Delaware', 'United States'),
('IND', 'Indianapolis International Airport', 'Indianapolis', 'Indiana', 'United States'),
('JAC', 'Jackson Hole Airport', 'Jackson', 'Wyoming', 'United States'),
('JAN', 'Jackson-Medgar Wiley Evers International Airport', 'Jackson', 'Mississippi', 'United States'),
('JAX', 'Jacksonville International Airport', 'Jacksonville', 'Florida', 'United States'),
('JFK', 'John F. Kennedy International Airport', 'New York', 'New York', 'United States'),
('LAS', 'Harry Reid International Airport', 'Las Vegas', 'Nevada', 'United States'),
('LAX', 'Los Angeles International Airport', 'Los Angeles', 'California', 'United States'),
('LGA', 'LaGuardia Airport', 'New York', 'New York', 'United States'),
('LHR', 'London Heathrow Airport', 'London', NULL, 'England'),
('LIT', 'Bill and Hillary Clinton National Airport', 'Little Rock', 'Arkansas', 'United States'),
('MAD', 'Adolfo Suarez Madrid-Barajas Airport', 'Madrid', NULL, 'Spain'),
('MCI', 'Kansas City International Airport', 'Kansas City ', 'Missouri', 'United States'),
('MCO', 'Orlando International Airport', 'Orlando', 'Florida', 'United States'),
('MEM', 'Memphis International Airport', 'Memphis', 'Tennessee', 'United States'),
('MEX', 'Mexico City International', 'Mexico City', NULL, 'Mexico'),
('MIA', 'Miami International Airport', 'Miami', 'Florida', 'United States'),
('MKE', 'Milwaukee Mitchell International Airport', 'Milwaukee', 'Wisconsin', 'United States'),
('MSP', 'Minneapolis-St. Paul International', 'Minneapolis-St.Paul', 'Minnesota', 'United States'),
('MSY', 'Louis Armstrong New Orleans International Airport', 'New Orleans', 'Louisiana', 'United States'),
('MYR', 'Myrtle Beach International Airport', 'Myrtle Beach', 'South Carolina', 'United States'),
('NCE', 'Nice Cote d\'Azur Airport', 'Nice', NULL, 'France'),
('OKC', 'Will Rogers World Airport', 'Oklahoma City', 'Oklahoma', 'United States'),
('OMA', 'Eppley Airfield', 'Omaha', 'Nebraska', 'United States'),
('ORD', 'Chicago O\'Hare International Airport', 'Chicago', 'Illinois', 'United States'),
('PDX', 'Portland International Airport', 'Portland', 'Oregon', 'United States'),
('PHL', 'Philadelphia International Airport', 'Philadelphia', 'Pennsylvania', 'United States'),
('PHX', 'Phoenix Sky Harbor International Airport', 'Phoenix', 'Arizona', 'United States'),
('PIT', 'Pittsburgh International Airport', 'Pittsburgh', 'Pennsylvania', 'United States'),
('PVD', 'Rhode Island T. F. Green International Airport', 'Providence', 'Rhode Island', 'United States'),
('PVG', 'Shanghai Pudong International Airport', 'Shanghai', NULL, 'China'),
('PWM', 'Portland International Airport', 'Portland', 'Maine', 'United States'),
('RDU', 'Raleigh-Durham International Airport', 'Raleigh', 'North Carolina', 'United States'),
('RNO', 'Reno/Tahoe International Airport', 'Reno', 'Nevada', 'United States'),
('SAN', 'San Diego International Airport', 'San Diego', 'California', 'United States'),
('SAT', 'San Antonio International Airport', 'San Antonio', 'Texas', 'United States'),
('SDF', 'Louisville International Airport', 'Louisville', 'Kentucky', 'United States'),
('SEA', 'Seattle-Tacoma International Airport', 'Seattle', 'Washington', 'United States'),
('SFO', 'San Francisco International Airport', 'San Francisco', 'California', 'United States'),
('SLC', 'Salt Lake City International Airport', 'Salt Lake City', 'Utah', 'United States'),
('SMF', 'Sacramento International Airport', 'Sacramento', 'California', 'United States'),
('STL', 'St. Louis Lambert International Airport', 'St. Louis', 'Missouri', 'United States'),
('SYD', 'Sydney Airport', 'Sydney', NULL, 'Australia'),
('TPA', 'Tampa International Airport', 'Tampa', 'Florida', 'United States'),
('TUL', 'Tulsa International Airport', 'Tulsa', 'Oklahoma', 'United States'),
('TUS', 'Tucson International Airport', 'Tucson', 'Arizona', 'United States'),
('YUL', 'Montreal-Pierre Elliot Trudeau International Airpo', 'Montreal', 'Quebec', 'Canada'),
('YVR', 'Vancouver International Airport', 'Vancouver', 'British Columbia', 'Canada'),
('YYZ', 'Toronto Pearson International Airport', 'Toronto', 'Ontario', 'Canada');

-- --------------------------------------------------------

--
-- Table structure for table `employee`
--

DROP TABLE IF EXISTS `employee`;
CREATE TABLE IF NOT EXISTS `employee` (
  `employee_id` int NOT NULL,
  `first_name` varchar(50) NOT NULL,
  `last_name` varchar(50) NOT NULL,
  `address` varchar(250) NOT NULL,
  `city` varchar(50) NOT NULL,
  `state` varchar(50) NOT NULL,
  `zip` int NOT NULL,
  `phone` varchar(10) NOT NULL,
  `email` varchar(100) NOT NULL,
  `hire_date` date NOT NULL,
  `hourly_rate` decimal(10,2) NOT NULL,
  PRIMARY KEY (`employee_id`)
) ENGINE=InnoDB DEFAULT CHARSET=utf8mb4 COLLATE=utf8mb4_0900_ai_ci;

--
-- Dumping data for table `employee`
--

INSERT INTO `employee` (`employee_id`, `first_name`, `last_name`, `address`, `city`, `state`, `zip`, `phone`, `email`, `hire_date`, `hourly_rate`) VALUES
(111223333, 'John', 'Wick', '337 Doggy Lane', 'Lafayette', 'Louisiana', 70506, '3375551234', 'john.wick@flyres.com', '2020-04-01', '25.00'),
(337549834, 'Michael', 'Totaro', '1 University Lane', 'Lafayette', 'Louisiana', 70503, '3375555540', 'michael.totaro@flyres.com', '2020-01-01', '30.00'),
(459082345, 'Wonder', 'Woman', '911 Hero St', 'Lafayette', 'Louisiana', 70506, '3375559911', 'wonder.woman@flyres.com', '2021-01-04', '22.00'),
(461825354, 'Alfred', 'Hitchcock', '911 Bates Motel Road', 'Death Valley', 'California', 92328, '5556669111', 'alfred.hitchcock@flyres.com', '2023-04-18', '30.00'),
(987654321, 'Bob', 'Builder', '540 Construction Rd', 'Oakland', 'California', 94607, '5105559876', 'bob.builder@flyres.com', '2020-07-03', '25.00');

-- --------------------------------------------------------

--
-- Table structure for table `flight`
--

DROP TABLE IF EXISTS `flight`;
CREATE TABLE IF NOT EXISTS `flight` (
  `flight_record` int NOT NULL AUTO_INCREMENT,
  `flight_number` varchar(10) NOT NULL,
  `airline` varchar(2) NOT NULL,
  `leg_origin` varchar(3) NOT NULL,
  `leg_destination` varchar(3) NOT NULL,
  `fc_seats` tinyint DEFAULT NULL,
  `bc_seats` tinyint DEFAULT NULL,
  `ec_seats` smallint NOT NULL,
  `fc_fare` decimal(10,2) DEFAULT NULL,
  `bc_fare` decimal(10,2) DEFAULT NULL,
  `ec_fare` decimal(10,2) DEFAULT NULL,
  `hidden_fare` decimal(10,2) NOT NULL,
  PRIMARY KEY (`flight_record`),
  KEY `leg_origin` (`leg_origin`),
  KEY `leg_destination` (`leg_destination`),
  KEY `airline` (`airline`)
) ENGINE=InnoDB AUTO_INCREMENT=37 DEFAULT CHARSET=utf8mb4 COLLATE=utf8mb4_0900_ai_ci;

--
-- Dumping data for table `flight`
--

INSERT INTO `flight` (`flight_record`, `flight_number`, `airline`, `leg_origin`, `leg_destination`, `fc_seats`, `bc_seats`, `ec_seats`, `fc_fare`, `bc_fare`, `ec_fare`, `hidden_fare`) VALUES
(1, 'AA001', 'AA', 'MSY', 'MCO', 12, 36, 38, '800.00', '500.00', '300.00', '250.00'),
(2, 'AA001', 'AA', 'MCO', 'MAD', 33, 48, 185, '1000.00', '800.00', '600.00', '500.00'),
(3, 'AA002', 'AA', 'MAD', 'MCO', 33, 48, 185, '1000.00', '800.00', '600.00', '500.00'),
(4, 'AA002', 'AA', 'MCO', 'MSY', 12, 36, 38, '800.00', '600.00', '300.00', '250.00'),
(5, 'AF001', 'AF', 'LAX', 'LHR', 44, 56, 255, '2000.00', '1500.00', '1000.00', '850.00'),
(6, 'AF002', 'AF', 'LHR', 'LAX', 44, 56, 255, '2000.00', '1500.00', '1000.00', '850.00'),
(7, 'AF003', 'AF', 'SEA', 'LHR', 33, 48, 185, '1800.00', '1400.00', '900.00', '800.00'),
(8, 'AF004', 'AF', 'LHR', 'SEA', 33, 48, 185, '1800.00', '1400.00', '900.00', '800.00'),
(9, 'DL001', 'DL', 'SEA', 'ATL', 12, 36, 38, '400.00', '300.00', '200.00', '150.00'),
(10, 'DL001', 'DL', 'ATL', 'JFK', 12, 36, 38, '400.00', '300.00', '200.00', '150.00'),
(11, 'DL002', 'DL', 'JFK', 'ATL', 12, 36, 38, '400.00', '300.00', '200.00', '150.00'),
(12, 'DL002', 'DL', 'ATL', 'SEA', 12, 36, 38, '400.00', '300.00', '200.00', '150.00'),
(13, 'SW001', 'SW', 'DEN', 'JFK', 12, 36, 38, '600.00', '350.00', '200.00', '180.00'),
(14, 'SW002', 'SW', 'JFK', 'DEN', 12, 36, 38, '600.00', '350.00', '200.00', '180.00'),
(15, 'SW003', 'SW', 'LAX', 'DEN', 12, 36, 38, '500.00', '400.00', '300.00', '200.00'),
(16, 'SW004', 'SW', 'DEN', 'LAX', 12, 36, 38, '500.00', '400.00', '300.00', '200.00'),
(17, 'UA001', 'UA', 'LAX', 'SEA', 12, 42, 96, '500.00', '350.00', '200.00', '150.00'),
(18, 'UA002', 'UA', 'SEA', 'LAX', 12, 42, 96, '500.00', '350.00', '200.00', '150.00'),
(19, 'UA003', 'UA', 'SFO', 'DEN', 12, 36, 38, '500.00', '350.00', '200.00', '180.00'),
(20, 'UA004', 'UA', 'DEN', 'SFO', 12, 36, 38, '500.00', '350.00', '200.00', '180.00'),
(21, 'UA005', 'UA', 'PDX', 'DEN', 12, 36, 38, '500.00', '350.00', '200.00', '150.00'),
(22, 'UA006', 'UA', 'DEN', 'PDX', 12, 36, 38, '500.00', '350.00', '200.00', '180.00'),
(23, 'UA007', 'UA', 'DEN', 'MSY', 12, 36, 38, '500.00', '350.00', '200.00', '150.00'),
(24, 'UA008', 'UA', 'MSY', 'DEN', 12, 36, 38, '500.00', '350.00', '200.00', '150.00'),
(25, 'VS001', 'VS', 'SEA', 'CDG', 44, 56, 255, '2500.00', '1800.00', '1200.00', '1000.00'),
(26, 'VS002', 'VS', 'CDG', 'SEA', 44, 56, 255, '2500.00', '1800.00', '1200.00', '1000.00'),
(27, 'VS003', 'VS', 'SEA', 'HND', 33, 48, 185, '2200.00', '1800.00', '1500.00', '1200.00'),
(28, 'VS004', 'VS', 'HND', 'SEA', 33, 48, 185, '2200.00', '1800.00', '1500.00', '1200.00'),
(29, 'VS005', 'VS', 'SEA', 'LAX', 33, 48, 185, '500.00', '300.00', '200.00', '150.00'),
(30, 'VS005', 'VS', 'LAX', 'DUB', 33, 48, 185, '2000.00', '1600.00', '1200.00', '900.00'),
(31, 'VS006', 'VS', 'DUB', 'LAX', 33, 48, 185, '2000.00', '1600.00', '1200.00', '900.00'),
(32, 'VS006', 'VS', 'LAX', 'SEA', 33, 48, 185, '500.00', '300.00', '200.00', '150.00'),
(33, 'BA001', 'BA', 'SEA', 'ATH', 33, 48, 185, '3000.00', '2500.00', '2000.00', '1800.00'),
(34, 'BA002', 'BA', 'ATH', 'SEA', 33, 48, 185, '3000.00', '2500.00', '2000.00', '1800.00'),
(35, 'BA003', 'BA', 'SEA', 'LHR', 33, 48, 185, '3000.00', '2500.00', '2000.00', '1800.00'),
(36, 'BA004', 'BA', 'LHR', 'SEA', 33, 48, 185, '3000.00', '2500.00', '2000.00', '1800.00');

-- --------------------------------------------------------

--
-- Table structure for table `passenger`
--

DROP TABLE IF EXISTS `passenger`;
CREATE TABLE IF NOT EXISTS `passenger` (
  `passenger_id` int NOT NULL AUTO_INCREMENT,
  `first_name` varchar(50) NOT NULL,
  `last_name` varchar(50) NOT NULL,
  `gender` enum('male','female','other') NOT NULL,
  `date_of_birth` date NOT NULL,
  `address` varchar(250) NOT NULL,
  `city` varchar(50) NOT NULL,
  `state` varchar(50) NOT NULL,
  `zip` int NOT NULL,
  `phone` varchar(10) DEFAULT NULL,
  `email` varchar(100) DEFAULT NULL,
  `account` int DEFAULT NULL,
  `is_customer` enum('Yes','No') NOT NULL,
  `meal_pref` enum('fruit plate','veggie plate','turkey sandwich','vegetarian','kids meal') DEFAULT NULL,
  `seat_pref` enum('aisle','window','any') DEFAULT NULL,
  `class_pref` enum('first','business','economy') DEFAULT NULL,
  PRIMARY KEY (`passenger_id`),
  KEY `account` (`account`)
) ENGINE=InnoDB AUTO_INCREMENT=10 DEFAULT CHARSET=utf8mb4 COLLATE=utf8mb4_0900_ai_ci;

--
-- Dumping data for table `passenger`
--

INSERT INTO `passenger` (`passenger_id`, `first_name`, `last_name`, `gender`, `date_of_birth`, `address`, `city`, `state`, `zip`, `phone`, `email`, `account`, `is_customer`, `meal_pref`, `seat_pref`, `class_pref`) VALUES
(1, 'Robert', 'Smith', 'male', '1980-09-03', '456 Family Street', 'Lafayette', 'Louisiana', 70506, '3185554567', 'bob.smith@aol.com', 1, 'Yes', 'turkey sandwich', 'aisle', 'economy'),
(2, 'Susan', 'Smith', 'female', '1982-04-20', '456 Family Street', 'Lafayette', 'Louisiana', 70506, '3185554567', NULL, NULL, 'No', 'veggie plate', 'any', 'economy'),
(3, 'Annie', 'Smith', 'female', '2010-12-25', '456 Family Street', 'Lafayette', 'Louisiana', 70506, NULL, NULL, NULL, 'No', 'kids meal', 'window', 'economy'),
(4, 'Donald', 'Duck', 'male', '1976-03-03', '100 Cartoon Lane', 'Hollywood', 'California', 90210, '9095551000', 'donnytheduck@quack.com', 2, 'Yes', 'fruit plate', 'window', 'first'),
(5, 'Tweety', 'Bird', 'other', '2020-07-04', '424 Twitter Rd', 'Denver', 'Colorado', 80123, '3037204242', 'ogtwitter@aol.com', 3, 'Yes', 'vegetarian', 'aisle', 'economy'),
(6, 'Roger', 'Rabbit', 'male', '1959-09-21', '8 Bunnyhop Lane', 'Seattle', 'Washington', 98101, '2065551959', 'r.rabbit@verizon.net', 4, 'Yes', NULL, NULL, 'business'),
(7, 'Payton', 'Wiscovitch', 'male', '1986-12-23', '123 I Moved Street', 'San Francisco', 'California', 94117, '9099421495', 'C00122694@louisiana.edu', 6, 'Yes', 'turkey sandwich', 'aisle', 'economy'),
(8, 'Ragin', 'Cajun', 'other', '1960-01-02', '444 Cajundome Blvd', 'Lafayette', 'Louisiana', 70506, '3374821000', 'ragin.cajun@louisiana.edu', 5, 'Yes', 'vegetarian', 'window', 'business'),
(9, 'Betty', 'White', 'female', '1922-01-17', '123 Golden Girls Lane', 'Lafayette', 'Louisiana', 70503, '3375555555', 'betty.white@gmail.com', 7, 'Yes', 'veggie plate', 'aisle', 'first');

-- --------------------------------------------------------

--
-- Table structure for table `reservation`
--

DROP TABLE IF EXISTS `reservation`;
CREATE TABLE IF NOT EXISTS `reservation` (
  `reservation_record` int NOT NULL AUTO_INCREMENT,
  `reservation_number` varchar(10) NOT NULL,
  `booking_date` date NOT NULL,
  `passenger` int NOT NULL,
  `scheduled_flight` int NOT NULL,
  `fare` decimal(10,2) NOT NULL,
  `booking_fee` decimal(10,2) NOT NULL,
  `customer_rep` int NOT NULL,
  `revenue` decimal(10,2) DEFAULT NULL,
  PRIMARY KEY (`reservation_record`),
  KEY `passenger` (`passenger`),
  KEY `scheduled_flight` (`scheduled_flight`),
  KEY `customer_rep` (`customer_rep`)
) ENGINE=InnoDB AUTO_INCREMENT=32 DEFAULT CHARSET=utf8mb4 COLLATE=utf8mb4_0900_ai_ci;

--
-- Dumping data for table `reservation`
--

INSERT INTO `reservation` (`reservation_record`, `reservation_number`, `booking_date`, `passenger`, `scheduled_flight`, `fare`, `booking_fee`, `customer_rep`, `revenue`) VALUES
(1, 'FR38RS1', '2023-04-12', 1, 38, '900.00', '50.00', 337549834, '185.00'),
(2, 'FR38RS1', '2023-04-12', 2, 38, '0.00', '0.00', 337549834, '0.00'),
(3, 'FR38RS1', '2023-04-12', 3, 38, '0.00', '0.00', 337549834, '0.00'),
(4, 'FR775RS2', '2023-04-12', 1, 775, '900.00', '50.00', 337549834, '185.00'),
(5, 'FR775RS2', '2023-04-12', 2, 775, '0.00', '0.00', 337549834, '0.00'),
(6, 'FR775RS2', '2023-04-12', 3, 775, '0.00', '0.00', 337549834, '0.00'),
(7, 'FR414DD1', '2023-04-13', 4, 414, '2000.00', '30.00', 459082345, '330.00'),
(8, 'FR557DD2', '2023-04-13', 4, 557, '2000.00', '30.00', 459082345, '330.00'),
(9, 'FR650DD3', '2023-04-13', 4, 650, '500.00', '30.00', 111223333, '105.00'),
(10, 'FR662DD3', '2023-04-13', 4, 662, '3000.00', '30.00', 111223333, '480.00'),
(11, 'FR841DD4', '2023-04-13', 4, 841, '3000.00', '30.00', 111223333, '480.00'),
(12, 'FR865DD4', '2023-04-13', 4, 865, '500.00', '30.00', 111223333, '105.00'),
(13, 'FR827TB1', '2023-04-10', 5, 827, '180.00', '50.00', 337549834, '77.00'),
(14, 'FR936TB2', '2023-04-10', 5, 936, '180.00', '50.00', 337549834, '77.00'),
(15, 'FR334TB3', '2023-04-24', 5, 1328, '150.00', '50.00', 337549834, '72.50'),
(16, 'FR1435TB4', '2023-04-24', 5, 1435, '150.00', '50.00', 337549834, '72.50'),
(17, 'FR334RR1', '2023-04-13', 6, 334, '300.00', '30.00', 987654321, '75.00'),
(18, 'FR333RR2', '2023-04-13', 6, 333, '300.00', '30.00', 987654321, '75.00'),
(19, 'FR512RR3', '2023-04-13', 6, 512, '300.00', '30.00', 987654321, '75.00'),
(20, 'FR511RR4', '2023-04-13', 6, 511, '300.00', '30.00', 987654321, '75.00'),
(23, 'FR678RR5', '2023-04-13', 6, 678, '1800.00', '30.00', 987654321, '300.00'),
(24, 'FR929RR6', '2023-04-13', 6, 929, '1800.00', '30.00', 987654321, '300.00'),
(27, 'FR1092RR7', '2023-04-13', 6, 1092, '2500.00', '30.00', 337549834, '405.00'),
(28, 'FR1343RR8', '2023-04-13', 6, 1343, '2500.00', '30.00', 337549834, '405.00'),
(29, 'FR936PW1', '2023-04-18', 7, 936, '200.00', '50.00', 111223333, '80.00'),
(30, 'FR1151PW2', '2023-04-18', 7, 1151, '200.00', '50.00', 111223333, '80.00'),
(31, 'FR931RS1', '2023-04-21', 1, 931, '200.00', '50.00', 459082345, '80.00');

-- --------------------------------------------------------

--
-- Table structure for table `scheduled_flight`
--

DROP TABLE IF EXISTS `scheduled_flight`;
CREATE TABLE IF NOT EXISTS `scheduled_flight` (
  `schedule_record` int NOT NULL AUTO_INCREMENT,
  `flight_record` int NOT NULL,
  `weekdays` varchar(20) CHARACTER SET utf8mb4 COLLATE utf8mb4_0900_ai_ci NOT NULL,
  `departure_time` time NOT NULL,
  `duration` time NOT NULL,
  `arrival_time` time NOT NULL,
  `flight_date` date NOT NULL,
  PRIMARY KEY (`schedule_record`),
  KEY `flight_record` (`flight_record`)
) ENGINE=InnoDB AUTO_INCREMENT=2003 DEFAULT CHARSET=utf8mb4 COLLATE=utf8mb4_0900_ai_ci;

--
-- Dumping data for table `scheduled_flight`
--

INSERT INTO `scheduled_flight` (`schedule_record`, `flight_record`, `weekdays`, `departure_time`, `duration`, `arrival_time`, `flight_date`) VALUES
(24, 1, '4', '06:00:00', '01:21:00', '07:21:00', '2023-04-07'),
(25, 1, '5', '06:00:00', '01:21:00', '07:21:00', '2023-04-08'),
(26, 1, '6', '06:00:00', '01:21:00', '07:21:00', '2023-04-09'),
(27, 1, '0', '06:00:00', '01:21:00', '07:21:00', '2023-04-10'),
(28, 1, '1', '06:00:00', '01:21:00', '07:21:00', '2023-04-11'),
(29, 1, '2', '06:00:00', '01:21:00', '07:21:00', '2023-04-12'),
(30, 1, '3', '06:00:00', '01:21:00', '07:21:00', '2023-04-13'),
(31, 1, '4', '06:00:00', '01:21:00', '07:21:00', '2023-04-14'),
(32, 1, '5', '06:00:00', '01:21:00', '07:21:00', '2023-04-15'),
(33, 1, '6', '06:00:00', '01:21:00', '07:21:00', '2023-04-16'),
(34, 1, '0', '06:00:00', '01:21:00', '07:21:00', '2023-04-17'),
(35, 1, '1', '06:00:00', '01:21:00', '07:21:00', '2023-04-18'),
(36, 1, '2', '06:00:00', '01:21:00', '07:21:00', '2023-04-19'),
(37, 1, '3', '06:00:00', '01:21:00', '07:21:00', '2023-04-20'),
(38, 1, '4', '06:00:00', '01:21:00', '07:21:00', '2023-04-21'),
(39, 1, '5', '06:00:00', '01:21:00', '07:21:00', '2023-04-22'),
(40, 1, '6', '06:00:00', '01:21:00', '07:21:00', '2023-04-23'),
(41, 1, '0', '06:00:00', '01:21:00', '07:21:00', '2023-04-24'),
(42, 1, '1', '06:00:00', '01:21:00', '07:21:00', '2023-04-25'),
(43, 1, '2', '06:00:00', '01:21:00', '07:21:00', '2023-04-26'),
(44, 1, '3', '06:00:00', '01:21:00', '07:21:00', '2023-04-27'),
(45, 1, '4', '06:00:00', '01:21:00', '07:21:00', '2023-04-28'),
(46, 1, '5', '06:00:00', '01:21:00', '07:21:00', '2023-04-29'),
(47, 1, '6', '06:00:00', '01:21:00', '07:21:00', '2023-04-30'),
(48, 1, '0', '06:00:00', '01:21:00', '07:21:00', '2023-05-01'),
(49, 1, '1', '06:00:00', '01:21:00', '07:21:00', '2023-05-02'),
(50, 1, '2', '06:00:00', '01:21:00', '07:21:00', '2023-05-03'),
(51, 1, '3', '06:00:00', '01:21:00', '07:21:00', '2023-05-04'),
(52, 1, '4', '06:00:00', '01:21:00', '07:21:00', '2023-05-05'),
(53, 1, '5', '06:00:00', '01:21:00', '07:21:00', '2023-05-06'),
(54, 1, '6', '06:00:00', '01:21:00', '07:21:00', '2023-05-07'),
(55, 1, '0', '06:00:00', '01:21:00', '07:21:00', '2023-05-08'),
(56, 1, '1', '06:00:00', '01:21:00', '07:21:00', '2023-05-09'),
(57, 1, '2', '06:00:00', '01:21:00', '07:21:00', '2023-05-10'),
(58, 1, '3', '06:00:00', '01:21:00', '07:21:00', '2023-05-11'),
(59, 32, '4', '13:15:00', '02:45:00', '16:00:00', '2023-04-07'),
(60, 31, '4', '02:00:00', '10:15:00', '12:15:00', '2023-04-07'),
(61, 30, '4', '04:00:00', '10:15:00', '14:15:00', '2023-04-07'),
(62, 29, '4', '00:15:00', '02:45:00', '03:00:00', '2023-04-07'),
(63, 28, '4', '13:00:00', '10:30:00', '23:30:00', '2023-04-07'),
(64, 27, '4', '20:00:00', '10:30:00', '06:30:00', '2023-04-07'),
(65, 26, '4', '05:00:00', '10:00:00', '15:00:00', '2023-04-07'),
(66, 25, '4', '01:30:00', '10:00:00', '11:30:00', '2023-04-07'),
(67, 24, '4', '10:00:00', '02:55:00', '12:55:00', '2023-04-07'),
(68, 23, '4', '06:00:00', '02:55:00', '08:55:00', '2023-04-07'),
(69, 22, '4', '15:00:00', '02:30:00', '17:30:00', '2023-04-07'),
(70, 21, '4', '19:00:00', '02:30:00', '21:30:00', '2023-04-07'),
(71, 20, '4', '12:15:00', '02:30:00', '14:45:00', '2023-04-07'),
(72, 19, '4', '09:00:00', '02:30:00', '11:30:00', '2023-04-07'),
(73, 18, '4', '13:00:00', '02:55:00', '15:55:00', '2023-04-07'),
(74, 17, '4', '05:40:00', '02:55:00', '08:35:00', '2023-04-07'),
(75, 16, '4', '18:30:00', '02:20:00', '20:50:00', '2023-04-07'),
(76, 15, '4', '17:00:00', '02:20:00', '19:20:00', '2023-04-07'),
(77, 14, '4', '14:00:00', '03:45:00', '17:45:00', '2023-04-07'),
(78, 13, '4', '07:30:00', '03:45:00', '11:15:00', '2023-04-07'),
(79, 12, '4', '15:35:00', '04:45:00', '20:20:00', '2023-04-07'),
(80, 11, '4', '12:15:00', '02:20:00', '14:35:00', '2023-04-07'),
(81, 10, '4', '19:30:00', '02:20:00', '21:50:00', '2023-04-07'),
(82, 9, '4', '14:00:00', '04:45:00', '18:45:00', '2023-04-07'),
(83, 36, '4', '08:00:00', '09:25:00', '17:25:00', '2023-04-07'),
(84, 35, '4', '13:20:00', '09:25:00', '22:45:00', '2023-04-07'),
(85, 34, '4', '02:00:00', '14:55:00', '16:55:00', '2023-04-07'),
(86, 33, '4', '00:00:00', '14:55:00', '14:55:00', '2023-04-07'),
(87, 8, '4', '07:35:00', '09:25:00', '17:00:00', '2023-04-07'),
(88, 7, '4', '10:20:00', '09:25:00', '19:45:00', '2023-04-07'),
(89, 6, '4', '12:15:00', '10:30:00', '22:45:00', '2023-04-07'),
(90, 5, '4', '08:00:00', '10:30:00', '18:30:00', '2023-04-07'),
(91, 4, '4', '17:30:00', '01:21:00', '18:51:00', '2023-04-07'),
(92, 3, '4', '06:00:00', '10:46:00', '16:46:00', '2023-04-07'),
(93, 2, '4', '08:30:00', '10:46:00', '19:16:00', '2023-04-07'),
(94, 1, '4', '06:00:00', '01:21:00', '07:21:00', '2023-04-07'),
(95, 32, '5', '13:15:00', '02:45:00', '16:00:00', '2023-04-08'),
(96, 31, '5', '02:00:00', '10:15:00', '12:15:00', '2023-04-08'),
(97, 30, '5', '04:00:00', '10:15:00', '14:15:00', '2023-04-08'),
(98, 29, '5', '00:15:00', '02:45:00', '03:00:00', '2023-04-08'),
(99, 28, '5', '13:00:00', '10:30:00', '23:30:00', '2023-04-08'),
(100, 27, '5', '20:00:00', '10:30:00', '06:30:00', '2023-04-08'),
(101, 26, '5', '05:00:00', '10:00:00', '15:00:00', '2023-04-08'),
(102, 25, '5', '01:30:00', '10:00:00', '11:30:00', '2023-04-08'),
(103, 24, '5', '10:00:00', '02:55:00', '12:55:00', '2023-04-08'),
(104, 23, '5', '06:00:00', '02:55:00', '08:55:00', '2023-04-08'),
(105, 22, '5', '15:00:00', '02:30:00', '17:30:00', '2023-04-08'),
(106, 21, '5', '19:00:00', '02:30:00', '21:30:00', '2023-04-08'),
(107, 20, '5', '12:15:00', '02:30:00', '14:45:00', '2023-04-08'),
(108, 19, '5', '09:00:00', '02:30:00', '11:30:00', '2023-04-08'),
(109, 18, '5', '13:00:00', '02:55:00', '15:55:00', '2023-04-08'),
(110, 17, '5', '05:40:00', '02:55:00', '08:35:00', '2023-04-08'),
(111, 16, '5', '18:30:00', '02:20:00', '20:50:00', '2023-04-08'),
(112, 15, '5', '17:00:00', '02:20:00', '19:20:00', '2023-04-08'),
(113, 14, '5', '14:00:00', '03:45:00', '17:45:00', '2023-04-08'),
(114, 13, '5', '07:30:00', '03:45:00', '11:15:00', '2023-04-08'),
(115, 12, '5', '15:35:00', '04:45:00', '20:20:00', '2023-04-08'),
(116, 11, '5', '12:15:00', '02:20:00', '14:35:00', '2023-04-08'),
(117, 10, '5', '19:30:00', '02:20:00', '21:50:00', '2023-04-08'),
(118, 9, '5', '14:00:00', '04:45:00', '18:45:00', '2023-04-08'),
(119, 36, '5', '08:00:00', '09:25:00', '17:25:00', '2023-04-08'),
(120, 35, '5', '13:20:00', '09:25:00', '22:45:00', '2023-04-08'),
(121, 34, '5', '02:00:00', '14:55:00', '16:55:00', '2023-04-08'),
(122, 33, '5', '00:00:00', '14:55:00', '14:55:00', '2023-04-08'),
(123, 8, '5', '07:35:00', '09:25:00', '17:00:00', '2023-04-08'),
(124, 7, '5', '10:20:00', '09:25:00', '19:45:00', '2023-04-08'),
(125, 6, '5', '12:15:00', '10:30:00', '22:45:00', '2023-04-08'),
(126, 5, '5', '08:00:00', '10:30:00', '18:30:00', '2023-04-08'),
(127, 4, '5', '17:30:00', '01:21:00', '18:51:00', '2023-04-08'),
(128, 3, '5', '06:00:00', '10:46:00', '16:46:00', '2023-04-08'),
(129, 2, '5', '08:30:00', '10:46:00', '19:16:00', '2023-04-08'),
(130, 1, '5', '06:00:00', '01:21:00', '07:21:00', '2023-04-08'),
(131, 32, '6', '13:15:00', '02:45:00', '16:00:00', '2023-04-09'),
(132, 31, '6', '02:00:00', '10:15:00', '12:15:00', '2023-04-09'),
(133, 30, '6', '04:00:00', '10:15:00', '14:15:00', '2023-04-09'),
(134, 29, '6', '00:15:00', '02:45:00', '03:00:00', '2023-04-09'),
(135, 28, '6', '13:00:00', '10:30:00', '23:30:00', '2023-04-09'),
(136, 27, '6', '20:00:00', '10:30:00', '06:30:00', '2023-04-09'),
(137, 26, '6', '05:00:00', '10:00:00', '15:00:00', '2023-04-09'),
(138, 25, '6', '01:30:00', '10:00:00', '11:30:00', '2023-04-09'),
(139, 24, '6', '10:00:00', '02:55:00', '12:55:00', '2023-04-09'),
(140, 23, '6', '06:00:00', '02:55:00', '08:55:00', '2023-04-09'),
(141, 22, '6', '15:00:00', '02:30:00', '17:30:00', '2023-04-09'),
(142, 21, '6', '19:00:00', '02:30:00', '21:30:00', '2023-04-09'),
(143, 20, '6', '12:15:00', '02:30:00', '14:45:00', '2023-04-09'),
(144, 19, '6', '09:00:00', '02:30:00', '11:30:00', '2023-04-09'),
(145, 18, '6', '13:00:00', '02:55:00', '15:55:00', '2023-04-09'),
(146, 17, '6', '05:40:00', '02:55:00', '08:35:00', '2023-04-09'),
(147, 16, '6', '18:30:00', '02:20:00', '20:50:00', '2023-04-09'),
(148, 15, '6', '17:00:00', '02:20:00', '19:20:00', '2023-04-09'),
(149, 14, '6', '14:00:00', '03:45:00', '17:45:00', '2023-04-09'),
(150, 13, '6', '07:30:00', '03:45:00', '11:15:00', '2023-04-09'),
(151, 12, '6', '15:35:00', '04:45:00', '20:20:00', '2023-04-09'),
(152, 11, '6', '12:15:00', '02:20:00', '14:35:00', '2023-04-09'),
(153, 10, '6', '19:30:00', '02:20:00', '21:50:00', '2023-04-09'),
(154, 9, '6', '14:00:00', '04:45:00', '18:45:00', '2023-04-09'),
(155, 36, '6', '08:00:00', '09:25:00', '17:25:00', '2023-04-09'),
(156, 35, '6', '13:20:00', '09:25:00', '22:45:00', '2023-04-09'),
(157, 34, '6', '02:00:00', '14:55:00', '16:55:00', '2023-04-09'),
(158, 33, '6', '00:00:00', '14:55:00', '14:55:00', '2023-04-09'),
(159, 8, '6', '07:35:00', '09:25:00', '17:00:00', '2023-04-09'),
(160, 7, '6', '10:20:00', '09:25:00', '19:45:00', '2023-04-09'),
(161, 6, '6', '12:15:00', '10:30:00', '22:45:00', '2023-04-09'),
(162, 5, '6', '08:00:00', '10:30:00', '18:30:00', '2023-04-09'),
(163, 4, '6', '17:30:00', '01:21:00', '18:51:00', '2023-04-09'),
(164, 3, '6', '06:00:00', '10:46:00', '16:46:00', '2023-04-09'),
(165, 2, '6', '08:30:00', '10:46:00', '19:16:00', '2023-04-09'),
(166, 1, '6', '06:00:00', '01:21:00', '07:21:00', '2023-04-09'),
(167, 32, '0', '13:15:00', '02:45:00', '16:00:00', '2023-04-10'),
(168, 31, '0', '02:00:00', '10:15:00', '12:15:00', '2023-04-10'),
(169, 30, '0', '04:00:00', '10:15:00', '14:15:00', '2023-04-10'),
(170, 29, '0', '00:15:00', '02:45:00', '03:00:00', '2023-04-10'),
(171, 28, '0', '13:00:00', '10:30:00', '23:30:00', '2023-04-10'),
(172, 27, '0', '20:00:00', '10:30:00', '06:30:00', '2023-04-10'),
(173, 26, '0', '05:00:00', '10:00:00', '15:00:00', '2023-04-10'),
(174, 25, '0', '01:30:00', '10:00:00', '11:30:00', '2023-04-10'),
(175, 24, '0', '10:00:00', '02:55:00', '12:55:00', '2023-04-10'),
(176, 23, '0', '06:00:00', '02:55:00', '08:55:00', '2023-04-10'),
(177, 22, '0', '15:00:00', '02:30:00', '17:30:00', '2023-04-10'),
(178, 21, '0', '19:00:00', '02:30:00', '21:30:00', '2023-04-10'),
(179, 20, '0', '12:15:00', '02:30:00', '14:45:00', '2023-04-10'),
(180, 19, '0', '09:00:00', '02:30:00', '11:30:00', '2023-04-10'),
(181, 18, '0', '13:00:00', '02:55:00', '15:55:00', '2023-04-10'),
(182, 17, '0', '05:40:00', '02:55:00', '08:35:00', '2023-04-10'),
(183, 16, '0', '18:30:00', '02:20:00', '20:50:00', '2023-04-10'),
(184, 15, '0', '17:00:00', '02:20:00', '19:20:00', '2023-04-10'),
(185, 14, '0', '14:00:00', '03:45:00', '17:45:00', '2023-04-10'),
(186, 13, '0', '07:30:00', '03:45:00', '11:15:00', '2023-04-10'),
(187, 12, '0', '15:35:00', '04:45:00', '20:20:00', '2023-04-10'),
(188, 11, '0', '12:15:00', '02:20:00', '14:35:00', '2023-04-10'),
(189, 10, '0', '19:30:00', '02:20:00', '21:50:00', '2023-04-10'),
(190, 9, '0', '14:00:00', '04:45:00', '18:45:00', '2023-04-10'),
(191, 36, '0', '08:00:00', '09:25:00', '17:25:00', '2023-04-10'),
(192, 35, '0', '13:20:00', '09:25:00', '22:45:00', '2023-04-10'),
(193, 34, '0', '02:00:00', '14:55:00', '16:55:00', '2023-04-10'),
(194, 33, '0', '00:00:00', '14:55:00', '14:55:00', '2023-04-10'),
(195, 8, '0', '07:35:00', '09:25:00', '17:00:00', '2023-04-10'),
(196, 7, '0', '10:20:00', '09:25:00', '19:45:00', '2023-04-10'),
(197, 6, '0', '12:15:00', '10:30:00', '22:45:00', '2023-04-10'),
(198, 5, '0', '08:00:00', '10:30:00', '18:30:00', '2023-04-10'),
(199, 4, '0', '17:30:00', '01:21:00', '18:51:00', '2023-04-10'),
(200, 3, '0', '06:00:00', '10:46:00', '16:46:00', '2023-04-10'),
(201, 2, '0', '08:30:00', '10:46:00', '19:16:00', '2023-04-10'),
(202, 1, '0', '06:00:00', '01:21:00', '07:21:00', '2023-04-10'),
(203, 32, '1', '13:15:00', '02:45:00', '16:00:00', '2023-04-11'),
(204, 31, '1', '02:00:00', '10:15:00', '12:15:00', '2023-04-11'),
(205, 30, '1', '04:00:00', '10:15:00', '14:15:00', '2023-04-11'),
(206, 29, '1', '00:15:00', '02:45:00', '03:00:00', '2023-04-11'),
(207, 28, '1', '13:00:00', '10:30:00', '23:30:00', '2023-04-11'),
(208, 27, '1', '20:00:00', '10:30:00', '06:30:00', '2023-04-11'),
(209, 26, '1', '05:00:00', '10:00:00', '15:00:00', '2023-04-11'),
(210, 25, '1', '01:30:00', '10:00:00', '11:30:00', '2023-04-11'),
(211, 24, '1', '10:00:00', '02:55:00', '12:55:00', '2023-04-11'),
(212, 23, '1', '06:00:00', '02:55:00', '08:55:00', '2023-04-11'),
(213, 22, '1', '15:00:00', '02:30:00', '17:30:00', '2023-04-11'),
(214, 21, '1', '19:00:00', '02:30:00', '21:30:00', '2023-04-11'),
(215, 20, '1', '12:15:00', '02:30:00', '14:45:00', '2023-04-11'),
(216, 19, '1', '09:00:00', '02:30:00', '11:30:00', '2023-04-11'),
(217, 18, '1', '13:00:00', '02:55:00', '15:55:00', '2023-04-11'),
(218, 17, '1', '05:40:00', '02:55:00', '08:35:00', '2023-04-11'),
(219, 16, '1', '18:30:00', '02:20:00', '20:50:00', '2023-04-11'),
(220, 15, '1', '17:00:00', '02:20:00', '19:20:00', '2023-04-11'),
(221, 14, '1', '14:00:00', '03:45:00', '17:45:00', '2023-04-11'),
(222, 13, '1', '07:30:00', '03:45:00', '11:15:00', '2023-04-11'),
(223, 12, '1', '15:35:00', '04:45:00', '20:20:00', '2023-04-11'),
(224, 11, '1', '12:15:00', '02:20:00', '14:35:00', '2023-04-11'),
(225, 10, '1', '19:30:00', '02:20:00', '21:50:00', '2023-04-11'),
(226, 9, '1', '14:00:00', '04:45:00', '18:45:00', '2023-04-11'),
(227, 36, '1', '08:00:00', '09:25:00', '17:25:00', '2023-04-11'),
(228, 35, '1', '13:20:00', '09:25:00', '22:45:00', '2023-04-11'),
(229, 34, '1', '02:00:00', '14:55:00', '16:55:00', '2023-04-11'),
(230, 33, '1', '00:00:00', '14:55:00', '14:55:00', '2023-04-11'),
(231, 8, '1', '07:35:00', '09:25:00', '17:00:00', '2023-04-11'),
(232, 7, '1', '10:20:00', '09:25:00', '19:45:00', '2023-04-11'),
(233, 6, '1', '12:15:00', '10:30:00', '22:45:00', '2023-04-11'),
(234, 5, '1', '08:00:00', '10:30:00', '18:30:00', '2023-04-11'),
(235, 4, '1', '17:30:00', '01:21:00', '18:51:00', '2023-04-11'),
(236, 3, '1', '06:00:00', '10:46:00', '16:46:00', '2023-04-11'),
(237, 2, '1', '08:30:00', '10:46:00', '19:16:00', '2023-04-11'),
(238, 1, '1', '06:00:00', '01:21:00', '07:21:00', '2023-04-11'),
(239, 32, '2', '13:15:00', '02:45:00', '16:00:00', '2023-04-12'),
(240, 31, '2', '02:00:00', '10:15:00', '12:15:00', '2023-04-12'),
(241, 30, '2', '04:00:00', '10:15:00', '14:15:00', '2023-04-12'),
(242, 29, '2', '00:15:00', '02:45:00', '03:00:00', '2023-04-12'),
(243, 28, '2', '13:00:00', '10:30:00', '23:30:00', '2023-04-12'),
(244, 27, '2', '20:00:00', '10:30:00', '06:30:00', '2023-04-12'),
(245, 26, '2', '05:00:00', '10:00:00', '15:00:00', '2023-04-12'),
(246, 25, '2', '01:30:00', '10:00:00', '11:30:00', '2023-04-12'),
(247, 24, '2', '10:00:00', '02:55:00', '12:55:00', '2023-04-12'),
(248, 23, '2', '06:00:00', '02:55:00', '08:55:00', '2023-04-12'),
(249, 22, '2', '15:00:00', '02:30:00', '17:30:00', '2023-04-12'),
(250, 21, '2', '19:00:00', '02:30:00', '21:30:00', '2023-04-12'),
(251, 20, '2', '12:15:00', '02:30:00', '14:45:00', '2023-04-12'),
(252, 19, '2', '09:00:00', '02:30:00', '11:30:00', '2023-04-12'),
(253, 18, '2', '13:00:00', '02:55:00', '15:55:00', '2023-04-12'),
(254, 17, '2', '05:40:00', '02:55:00', '08:35:00', '2023-04-12'),
(255, 16, '2', '18:30:00', '02:20:00', '20:50:00', '2023-04-12'),
(256, 15, '2', '17:00:00', '02:20:00', '19:20:00', '2023-04-12'),
(257, 14, '2', '14:00:00', '03:45:00', '17:45:00', '2023-04-12'),
(258, 13, '2', '07:30:00', '03:45:00', '11:15:00', '2023-04-12'),
(259, 12, '2', '15:35:00', '04:45:00', '20:20:00', '2023-04-12'),
(260, 11, '2', '12:15:00', '02:20:00', '14:35:00', '2023-04-12'),
(261, 10, '2', '19:30:00', '02:20:00', '21:50:00', '2023-04-12'),
(262, 9, '2', '14:00:00', '04:45:00', '18:45:00', '2023-04-12'),
(263, 36, '2', '08:00:00', '09:25:00', '17:25:00', '2023-04-12'),
(264, 35, '2', '13:20:00', '09:25:00', '22:45:00', '2023-04-12'),
(265, 34, '2', '02:00:00', '14:55:00', '16:55:00', '2023-04-12'),
(266, 33, '2', '00:00:00', '14:55:00', '14:55:00', '2023-04-12'),
(267, 8, '2', '07:35:00', '09:25:00', '17:00:00', '2023-04-12'),
(268, 7, '2', '10:20:00', '09:25:00', '19:45:00', '2023-04-12'),
(269, 6, '2', '12:15:00', '10:30:00', '22:45:00', '2023-04-12'),
(270, 5, '2', '08:00:00', '10:30:00', '18:30:00', '2023-04-12'),
(271, 4, '2', '17:30:00', '01:21:00', '18:51:00', '2023-04-12'),
(272, 3, '2', '06:00:00', '10:46:00', '16:46:00', '2023-04-12'),
(273, 2, '2', '08:30:00', '10:46:00', '19:16:00', '2023-04-12'),
(274, 1, '2', '06:00:00', '01:21:00', '07:21:00', '2023-04-12'),
(275, 32, '3', '13:15:00', '02:45:00', '16:00:00', '2023-04-13'),
(276, 31, '3', '02:00:00', '10:15:00', '12:15:00', '2023-04-13'),
(277, 30, '3', '04:00:00', '10:15:00', '14:15:00', '2023-04-13'),
(278, 29, '3', '00:15:00', '02:45:00', '03:00:00', '2023-04-13'),
(279, 28, '3', '13:00:00', '10:30:00', '23:30:00', '2023-04-13'),
(280, 27, '3', '20:00:00', '10:30:00', '06:30:00', '2023-04-13'),
(281, 26, '3', '05:00:00', '10:00:00', '15:00:00', '2023-04-13'),
(282, 25, '3', '01:30:00', '10:00:00', '11:30:00', '2023-04-13'),
(283, 24, '3', '10:00:00', '02:55:00', '12:55:00', '2023-04-13'),
(284, 23, '3', '06:00:00', '02:55:00', '08:55:00', '2023-04-13'),
(285, 22, '3', '15:00:00', '02:30:00', '17:30:00', '2023-04-13'),
(286, 21, '3', '19:00:00', '02:30:00', '21:30:00', '2023-04-13'),
(287, 20, '3', '12:15:00', '02:30:00', '14:45:00', '2023-04-13'),
(288, 19, '3', '09:00:00', '02:30:00', '11:30:00', '2023-04-13'),
(289, 18, '3', '13:00:00', '02:55:00', '15:55:00', '2023-04-13'),
(290, 17, '3', '05:40:00', '02:55:00', '08:35:00', '2023-04-13'),
(291, 16, '3', '18:30:00', '02:20:00', '20:50:00', '2023-04-13'),
(292, 15, '3', '17:00:00', '02:20:00', '19:20:00', '2023-04-13'),
(293, 14, '3', '14:00:00', '03:45:00', '17:45:00', '2023-04-13'),
(294, 13, '3', '07:30:00', '03:45:00', '11:15:00', '2023-04-13'),
(295, 12, '3', '15:35:00', '04:45:00', '20:20:00', '2023-04-13'),
(296, 11, '3', '12:15:00', '02:20:00', '14:35:00', '2023-04-13'),
(297, 10, '3', '19:30:00', '02:20:00', '21:50:00', '2023-04-13'),
(298, 9, '3', '14:00:00', '04:45:00', '18:45:00', '2023-04-13'),
(299, 36, '3', '08:00:00', '09:25:00', '17:25:00', '2023-04-13'),
(300, 35, '3', '13:20:00', '09:25:00', '22:45:00', '2023-04-13'),
(301, 34, '3', '02:00:00', '14:55:00', '16:55:00', '2023-04-13'),
(302, 33, '3', '00:00:00', '14:55:00', '14:55:00', '2023-04-13'),
(303, 8, '3', '07:35:00', '09:25:00', '17:00:00', '2023-04-13'),
(304, 7, '3', '10:20:00', '09:25:00', '19:45:00', '2023-04-13'),
(305, 6, '3', '12:15:00', '10:30:00', '22:45:00', '2023-04-13'),
(306, 5, '3', '08:00:00', '10:30:00', '18:30:00', '2023-04-13'),
(307, 4, '3', '17:30:00', '01:21:00', '18:51:00', '2023-04-13'),
(308, 3, '3', '06:00:00', '10:46:00', '16:46:00', '2023-04-13'),
(309, 2, '3', '08:30:00', '10:46:00', '19:16:00', '2023-04-13'),
(310, 1, '3', '06:00:00', '01:21:00', '07:21:00', '2023-04-13'),
(311, 32, '4', '13:15:00', '02:45:00', '16:00:00', '2023-04-14'),
(312, 31, '4', '02:00:00', '10:15:00', '12:15:00', '2023-04-14'),
(313, 30, '4', '04:00:00', '10:15:00', '14:15:00', '2023-04-14'),
(314, 29, '4', '00:15:00', '02:45:00', '03:00:00', '2023-04-14'),
(315, 28, '4', '13:00:00', '10:30:00', '23:30:00', '2023-04-14'),
(316, 27, '4', '20:00:00', '10:30:00', '06:30:00', '2023-04-14'),
(317, 26, '4', '05:00:00', '10:00:00', '15:00:00', '2023-04-14'),
(318, 25, '4', '01:30:00', '10:00:00', '11:30:00', '2023-04-14'),
(319, 24, '4', '10:00:00', '02:55:00', '12:55:00', '2023-04-14'),
(320, 23, '4', '06:00:00', '02:55:00', '08:55:00', '2023-04-14'),
(321, 22, '4', '15:00:00', '02:30:00', '17:30:00', '2023-04-14'),
(322, 21, '4', '19:00:00', '02:30:00', '21:30:00', '2023-04-14'),
(323, 20, '4', '12:15:00', '02:30:00', '14:45:00', '2023-04-14'),
(324, 19, '4', '09:00:00', '02:30:00', '11:30:00', '2023-04-14'),
(325, 18, '4', '13:00:00', '02:55:00', '15:55:00', '2023-04-14'),
(326, 17, '4', '05:40:00', '02:55:00', '08:35:00', '2023-04-14'),
(327, 16, '4', '18:30:00', '02:20:00', '20:50:00', '2023-04-14'),
(328, 15, '4', '17:00:00', '02:20:00', '19:20:00', '2023-04-14'),
(329, 14, '4', '14:00:00', '03:45:00', '17:45:00', '2023-04-14'),
(330, 13, '4', '07:30:00', '03:45:00', '11:15:00', '2023-04-14'),
(331, 12, '4', '15:35:00', '04:45:00', '20:20:00', '2023-04-14'),
(332, 11, '4', '12:15:00', '02:20:00', '14:35:00', '2023-04-14'),
(333, 10, '4', '19:30:00', '02:20:00', '21:50:00', '2023-04-14'),
(334, 9, '4', '14:00:00', '04:45:00', '18:45:00', '2023-04-14'),
(335, 36, '4', '08:00:00', '09:25:00', '17:25:00', '2023-04-14'),
(336, 35, '4', '13:20:00', '09:25:00', '22:45:00', '2023-04-14'),
(337, 34, '4', '02:00:00', '14:55:00', '16:55:00', '2023-04-14'),
(338, 33, '4', '00:00:00', '14:55:00', '14:55:00', '2023-04-14'),
(339, 8, '4', '07:35:00', '09:25:00', '17:00:00', '2023-04-14'),
(340, 7, '4', '10:20:00', '09:25:00', '19:45:00', '2023-04-14'),
(341, 6, '4', '12:15:00', '10:30:00', '22:45:00', '2023-04-14'),
(342, 5, '4', '08:00:00', '10:30:00', '18:30:00', '2023-04-14'),
(343, 4, '4', '17:30:00', '01:21:00', '18:51:00', '2023-04-14'),
(344, 3, '4', '06:00:00', '10:46:00', '16:46:00', '2023-04-14'),
(345, 2, '4', '08:30:00', '10:46:00', '19:16:00', '2023-04-14'),
(346, 1, '4', '06:00:00', '01:21:00', '07:21:00', '2023-04-14'),
(347, 32, '5', '13:15:00', '02:45:00', '16:00:00', '2023-04-15'),
(348, 31, '5', '02:00:00', '10:15:00', '12:15:00', '2023-04-15'),
(349, 30, '5', '04:00:00', '10:15:00', '14:15:00', '2023-04-15'),
(350, 29, '5', '00:15:00', '02:45:00', '03:00:00', '2023-04-15'),
(351, 28, '5', '13:00:00', '10:30:00', '23:30:00', '2023-04-15'),
(352, 27, '5', '20:00:00', '10:30:00', '06:30:00', '2023-04-15'),
(353, 26, '5', '05:00:00', '10:00:00', '15:00:00', '2023-04-15'),
(354, 25, '5', '01:30:00', '10:00:00', '11:30:00', '2023-04-15'),
(355, 24, '5', '10:00:00', '02:55:00', '12:55:00', '2023-04-15'),
(356, 23, '5', '06:00:00', '02:55:00', '08:55:00', '2023-04-15'),
(357, 22, '5', '15:00:00', '02:30:00', '17:30:00', '2023-04-15'),
(358, 21, '5', '19:00:00', '02:30:00', '21:30:00', '2023-04-15'),
(359, 20, '5', '12:15:00', '02:30:00', '14:45:00', '2023-04-15'),
(360, 19, '5', '09:00:00', '02:30:00', '11:30:00', '2023-04-15'),
(361, 18, '5', '13:00:00', '02:55:00', '15:55:00', '2023-04-15'),
(362, 17, '5', '05:40:00', '02:55:00', '08:35:00', '2023-04-15'),
(363, 16, '5', '18:30:00', '02:20:00', '20:50:00', '2023-04-15'),
(364, 15, '5', '17:00:00', '02:20:00', '19:20:00', '2023-04-15'),
(365, 14, '5', '14:00:00', '03:45:00', '17:45:00', '2023-04-15'),
(366, 13, '5', '07:30:00', '03:45:00', '11:15:00', '2023-04-15'),
(367, 12, '5', '15:35:00', '04:45:00', '20:20:00', '2023-04-15'),
(368, 11, '5', '12:15:00', '02:20:00', '14:35:00', '2023-04-15'),
(369, 10, '5', '19:30:00', '02:20:00', '21:50:00', '2023-04-15'),
(370, 9, '5', '14:00:00', '04:45:00', '18:45:00', '2023-04-15'),
(371, 36, '5', '08:00:00', '09:25:00', '17:25:00', '2023-04-15'),
(372, 35, '5', '13:20:00', '09:25:00', '22:45:00', '2023-04-15'),
(373, 34, '5', '02:00:00', '14:55:00', '16:55:00', '2023-04-15'),
(374, 33, '5', '00:00:00', '14:55:00', '14:55:00', '2023-04-15'),
(375, 8, '5', '07:35:00', '09:25:00', '17:00:00', '2023-04-15'),
(376, 7, '5', '10:20:00', '09:25:00', '19:45:00', '2023-04-15'),
(377, 6, '5', '12:15:00', '10:30:00', '22:45:00', '2023-04-15'),
(378, 5, '5', '08:00:00', '10:30:00', '18:30:00', '2023-04-15'),
(379, 4, '5', '17:30:00', '01:21:00', '18:51:00', '2023-04-15'),
(380, 3, '5', '06:00:00', '10:46:00', '16:46:00', '2023-04-15'),
(381, 2, '5', '08:30:00', '10:46:00', '19:16:00', '2023-04-15'),
(382, 1, '5', '06:00:00', '01:21:00', '07:21:00', '2023-04-15'),
(383, 32, '6', '13:15:00', '02:45:00', '16:00:00', '2023-04-16'),
(384, 31, '6', '02:00:00', '10:15:00', '12:15:00', '2023-04-16'),
(385, 30, '6', '04:00:00', '10:15:00', '14:15:00', '2023-04-16'),
(386, 29, '6', '00:15:00', '02:45:00', '03:00:00', '2023-04-16'),
(387, 28, '6', '13:00:00', '10:30:00', '23:30:00', '2023-04-16'),
(388, 27, '6', '20:00:00', '10:30:00', '06:30:00', '2023-04-16'),
(389, 26, '6', '05:00:00', '10:00:00', '15:00:00', '2023-04-16'),
(390, 25, '6', '01:30:00', '10:00:00', '11:30:00', '2023-04-16'),
(391, 24, '6', '10:00:00', '02:55:00', '12:55:00', '2023-04-16'),
(392, 23, '6', '06:00:00', '02:55:00', '08:55:00', '2023-04-16'),
(393, 22, '6', '15:00:00', '02:30:00', '17:30:00', '2023-04-16'),
(394, 21, '6', '19:00:00', '02:30:00', '21:30:00', '2023-04-16'),
(395, 20, '6', '12:15:00', '02:30:00', '14:45:00', '2023-04-16'),
(396, 19, '6', '09:00:00', '02:30:00', '11:30:00', '2023-04-16'),
(397, 18, '6', '13:00:00', '02:55:00', '15:55:00', '2023-04-16'),
(398, 17, '6', '05:40:00', '02:55:00', '08:35:00', '2023-04-16'),
(399, 16, '6', '18:30:00', '02:20:00', '20:50:00', '2023-04-16'),
(400, 15, '6', '17:00:00', '02:20:00', '19:20:00', '2023-04-16'),
(401, 14, '6', '14:00:00', '03:45:00', '17:45:00', '2023-04-16'),
(402, 13, '6', '07:30:00', '03:45:00', '11:15:00', '2023-04-16'),
(403, 12, '6', '15:35:00', '04:45:00', '20:20:00', '2023-04-16'),
(404, 11, '6', '12:15:00', '02:20:00', '14:35:00', '2023-04-16'),
(405, 10, '6', '19:30:00', '02:20:00', '21:50:00', '2023-04-16'),
(406, 9, '6', '14:00:00', '04:45:00', '18:45:00', '2023-04-16'),
(407, 36, '6', '08:00:00', '09:25:00', '17:25:00', '2023-04-16'),
(408, 35, '6', '13:20:00', '09:25:00', '22:45:00', '2023-04-16'),
(409, 34, '6', '02:00:00', '14:55:00', '16:55:00', '2023-04-16'),
(410, 33, '6', '00:00:00', '14:55:00', '14:55:00', '2023-04-16'),
(411, 8, '6', '07:35:00', '09:25:00', '17:00:00', '2023-04-16'),
(412, 7, '6', '10:20:00', '09:25:00', '19:45:00', '2023-04-16'),
(413, 6, '6', '12:15:00', '10:30:00', '22:45:00', '2023-04-16'),
(414, 5, '6', '08:00:00', '10:30:00', '18:30:00', '2023-04-16'),
(415, 4, '6', '17:30:00', '01:21:00', '18:51:00', '2023-04-16'),
(416, 3, '6', '06:00:00', '10:46:00', '16:46:00', '2023-04-16'),
(417, 2, '6', '08:30:00', '10:46:00', '19:16:00', '2023-04-16'),
(418, 1, '6', '06:00:00', '01:21:00', '07:21:00', '2023-04-16'),
(419, 32, '0', '13:15:00', '02:45:00', '16:00:00', '2023-04-17'),
(420, 31, '0', '02:00:00', '10:15:00', '12:15:00', '2023-04-17'),
(421, 30, '0', '04:00:00', '10:15:00', '14:15:00', '2023-04-17'),
(422, 29, '0', '00:15:00', '02:45:00', '03:00:00', '2023-04-17'),
(423, 28, '0', '13:00:00', '10:30:00', '23:30:00', '2023-04-17'),
(424, 27, '0', '20:00:00', '10:30:00', '06:30:00', '2023-04-17'),
(425, 26, '0', '05:00:00', '10:00:00', '15:00:00', '2023-04-17'),
(426, 25, '0', '01:30:00', '10:00:00', '11:30:00', '2023-04-17'),
(427, 24, '0', '10:00:00', '02:55:00', '12:55:00', '2023-04-17'),
(428, 23, '0', '06:00:00', '02:55:00', '08:55:00', '2023-04-17'),
(429, 22, '0', '15:00:00', '02:30:00', '17:30:00', '2023-04-17'),
(430, 21, '0', '19:00:00', '02:30:00', '21:30:00', '2023-04-17'),
(431, 20, '0', '12:15:00', '02:30:00', '14:45:00', '2023-04-17'),
(432, 19, '0', '09:00:00', '02:30:00', '11:30:00', '2023-04-17'),
(433, 18, '0', '13:00:00', '02:55:00', '15:55:00', '2023-04-17'),
(434, 17, '0', '05:40:00', '02:55:00', '08:35:00', '2023-04-17'),
(435, 16, '0', '18:30:00', '02:20:00', '20:50:00', '2023-04-17'),
(436, 15, '0', '17:00:00', '02:20:00', '19:20:00', '2023-04-17'),
(437, 14, '0', '14:00:00', '03:45:00', '17:45:00', '2023-04-17'),
(438, 13, '0', '07:30:00', '03:45:00', '11:15:00', '2023-04-17'),
(439, 12, '0', '15:35:00', '04:45:00', '20:20:00', '2023-04-17'),
(440, 11, '0', '12:15:00', '02:20:00', '14:35:00', '2023-04-17'),
(441, 10, '0', '19:30:00', '02:20:00', '21:50:00', '2023-04-17'),
(442, 9, '0', '14:00:00', '04:45:00', '18:45:00', '2023-04-17'),
(443, 36, '0', '08:00:00', '09:25:00', '17:25:00', '2023-04-17'),
(444, 35, '0', '13:20:00', '09:25:00', '22:45:00', '2023-04-17'),
(445, 34, '0', '02:00:00', '14:55:00', '16:55:00', '2023-04-17'),
(446, 33, '0', '00:00:00', '14:55:00', '14:55:00', '2023-04-17'),
(447, 8, '0', '07:35:00', '09:25:00', '17:00:00', '2023-04-17'),
(448, 7, '0', '10:20:00', '09:25:00', '19:45:00', '2023-04-17'),
(449, 6, '0', '12:15:00', '10:30:00', '22:45:00', '2023-04-17'),
(450, 5, '0', '08:00:00', '10:30:00', '18:30:00', '2023-04-17'),
(451, 4, '0', '17:30:00', '01:21:00', '18:51:00', '2023-04-17'),
(452, 3, '0', '06:00:00', '10:46:00', '16:46:00', '2023-04-17'),
(453, 2, '0', '08:30:00', '10:46:00', '19:16:00', '2023-04-17'),
(454, 1, '0', '06:00:00', '01:21:00', '07:21:00', '2023-04-17'),
(455, 32, '1', '13:15:00', '02:45:00', '16:00:00', '2023-04-18'),
(456, 31, '1', '02:00:00', '10:15:00', '12:15:00', '2023-04-18'),
(457, 30, '1', '04:00:00', '10:15:00', '14:15:00', '2023-04-18'),
(458, 29, '1', '00:15:00', '02:45:00', '03:00:00', '2023-04-18'),
(459, 28, '1', '13:00:00', '10:30:00', '23:30:00', '2023-04-18'),
(460, 27, '1', '20:00:00', '10:30:00', '06:30:00', '2023-04-18'),
(461, 26, '1', '05:00:00', '10:00:00', '15:00:00', '2023-04-18'),
(462, 25, '1', '01:30:00', '10:00:00', '11:30:00', '2023-04-18'),
(463, 24, '1', '10:00:00', '02:55:00', '12:55:00', '2023-04-18'),
(464, 23, '1', '06:00:00', '02:55:00', '08:55:00', '2023-04-18'),
(465, 22, '1', '15:00:00', '02:30:00', '17:30:00', '2023-04-18'),
(466, 21, '1', '19:00:00', '02:30:00', '21:30:00', '2023-04-18'),
(467, 20, '1', '12:15:00', '02:30:00', '14:45:00', '2023-04-18'),
(468, 19, '1', '09:00:00', '02:30:00', '11:30:00', '2023-04-18'),
(469, 18, '1', '13:00:00', '02:55:00', '15:55:00', '2023-04-18'),
(470, 17, '1', '05:40:00', '02:55:00', '08:35:00', '2023-04-18'),
(471, 16, '1', '18:30:00', '02:20:00', '20:50:00', '2023-04-18'),
(472, 15, '1', '17:00:00', '02:20:00', '19:20:00', '2023-04-18'),
(473, 14, '1', '14:00:00', '03:45:00', '17:45:00', '2023-04-18'),
(474, 13, '1', '07:30:00', '03:45:00', '11:15:00', '2023-04-18'),
(475, 12, '1', '15:35:00', '04:45:00', '20:20:00', '2023-04-18'),
(476, 11, '1', '12:15:00', '02:20:00', '14:35:00', '2023-04-18'),
(477, 10, '1', '19:30:00', '02:20:00', '21:50:00', '2023-04-18'),
(478, 9, '1', '14:00:00', '04:45:00', '18:45:00', '2023-04-18'),
(479, 36, '1', '08:00:00', '09:25:00', '17:25:00', '2023-04-18'),
(480, 35, '1', '13:20:00', '09:25:00', '22:45:00', '2023-04-18'),
(481, 34, '1', '02:00:00', '14:55:00', '16:55:00', '2023-04-18'),
(482, 33, '1', '00:00:00', '14:55:00', '14:55:00', '2023-04-18'),
(483, 8, '1', '07:35:00', '09:25:00', '17:00:00', '2023-04-18'),
(484, 7, '1', '10:20:00', '09:25:00', '19:45:00', '2023-04-18'),
(485, 6, '1', '12:15:00', '10:30:00', '22:45:00', '2023-04-18'),
(486, 5, '1', '08:00:00', '10:30:00', '18:30:00', '2023-04-18'),
(487, 4, '1', '17:30:00', '01:21:00', '18:51:00', '2023-04-18'),
(488, 3, '1', '06:00:00', '10:46:00', '16:46:00', '2023-04-18'),
(489, 2, '1', '08:30:00', '10:46:00', '19:16:00', '2023-04-18'),
(490, 1, '1', '06:00:00', '01:21:00', '07:21:00', '2023-04-18'),
(491, 32, '2', '13:15:00', '02:45:00', '16:00:00', '2023-04-19'),
(492, 31, '2', '02:00:00', '10:15:00', '12:15:00', '2023-04-19'),
(493, 30, '2', '04:00:00', '10:15:00', '14:15:00', '2023-04-19'),
(494, 29, '2', '00:15:00', '02:45:00', '03:00:00', '2023-04-19'),
(495, 28, '2', '13:00:00', '10:30:00', '23:30:00', '2023-04-19'),
(496, 27, '2', '20:00:00', '10:30:00', '06:30:00', '2023-04-19'),
(497, 26, '2', '05:00:00', '10:00:00', '15:00:00', '2023-04-19'),
(498, 25, '2', '01:30:00', '10:00:00', '11:30:00', '2023-04-19'),
(499, 24, '2', '10:00:00', '02:55:00', '12:55:00', '2023-04-19'),
(500, 23, '2', '06:00:00', '02:55:00', '08:55:00', '2023-04-19'),
(501, 22, '2', '15:00:00', '02:30:00', '17:30:00', '2023-04-19'),
(502, 21, '2', '19:00:00', '02:30:00', '21:30:00', '2023-04-19'),
(503, 20, '2', '12:15:00', '02:30:00', '14:45:00', '2023-04-19'),
(504, 19, '2', '09:00:00', '02:30:00', '11:30:00', '2023-04-19'),
(505, 18, '2', '13:00:00', '02:55:00', '15:55:00', '2023-04-19'),
(506, 17, '2', '05:40:00', '02:55:00', '08:35:00', '2023-04-19'),
(507, 16, '2', '18:30:00', '02:20:00', '20:50:00', '2023-04-19'),
(508, 15, '2', '17:00:00', '02:20:00', '19:20:00', '2023-04-19'),
(509, 14, '2', '14:00:00', '03:45:00', '17:45:00', '2023-04-19'),
(510, 13, '2', '07:30:00', '03:45:00', '11:15:00', '2023-04-19'),
(511, 12, '2', '15:35:00', '04:45:00', '20:20:00', '2023-04-19'),
(512, 11, '2', '12:15:00', '02:20:00', '14:35:00', '2023-04-19'),
(513, 10, '2', '19:30:00', '02:20:00', '21:50:00', '2023-04-19'),
(514, 9, '2', '14:00:00', '04:45:00', '18:45:00', '2023-04-19'),
(515, 36, '2', '08:00:00', '09:25:00', '17:25:00', '2023-04-19'),
(516, 35, '2', '13:20:00', '09:25:00', '22:45:00', '2023-04-19'),
(517, 34, '2', '02:00:00', '14:55:00', '16:55:00', '2023-04-19'),
(518, 33, '2', '00:00:00', '14:55:00', '14:55:00', '2023-04-19'),
(519, 8, '2', '07:35:00', '09:25:00', '17:00:00', '2023-04-19'),
(520, 7, '2', '10:20:00', '09:25:00', '19:45:00', '2023-04-19'),
(521, 6, '2', '12:15:00', '10:30:00', '22:45:00', '2023-04-19'),
(522, 5, '2', '08:00:00', '10:30:00', '18:30:00', '2023-04-19'),
(523, 4, '2', '17:30:00', '01:21:00', '18:51:00', '2023-04-19'),
(524, 3, '2', '06:00:00', '10:46:00', '16:46:00', '2023-04-19'),
(525, 2, '2', '08:30:00', '10:46:00', '19:16:00', '2023-04-19'),
(526, 1, '2', '06:00:00', '01:21:00', '07:21:00', '2023-04-19'),
(527, 32, '3', '13:15:00', '02:45:00', '16:00:00', '2023-04-20'),
(528, 31, '3', '02:00:00', '10:15:00', '12:15:00', '2023-04-20'),
(529, 30, '3', '04:00:00', '10:15:00', '14:15:00', '2023-04-20'),
(530, 29, '3', '00:15:00', '02:45:00', '03:00:00', '2023-04-20'),
(531, 28, '3', '13:00:00', '10:30:00', '23:30:00', '2023-04-20'),
(532, 27, '3', '20:00:00', '10:30:00', '06:30:00', '2023-04-20'),
(533, 26, '3', '05:00:00', '10:00:00', '15:00:00', '2023-04-20'),
(534, 25, '3', '01:30:00', '10:00:00', '11:30:00', '2023-04-20'),
(535, 24, '3', '10:00:00', '02:55:00', '12:55:00', '2023-04-20'),
(536, 23, '3', '06:00:00', '02:55:00', '08:55:00', '2023-04-20'),
(537, 22, '3', '15:00:00', '02:30:00', '17:30:00', '2023-04-20'),
(538, 21, '3', '19:00:00', '02:30:00', '21:30:00', '2023-04-20'),
(539, 20, '3', '12:15:00', '02:30:00', '14:45:00', '2023-04-20'),
(540, 19, '3', '09:00:00', '02:30:00', '11:30:00', '2023-04-20'),
(541, 18, '3', '13:00:00', '02:55:00', '15:55:00', '2023-04-20'),
(542, 17, '3', '05:40:00', '02:55:00', '08:35:00', '2023-04-20'),
(543, 16, '3', '18:30:00', '02:20:00', '20:50:00', '2023-04-20'),
(544, 15, '3', '17:00:00', '02:20:00', '19:20:00', '2023-04-20'),
(545, 14, '3', '14:00:00', '03:45:00', '17:45:00', '2023-04-20'),
(546, 13, '3', '07:30:00', '03:45:00', '11:15:00', '2023-04-20'),
(547, 12, '3', '15:35:00', '04:45:00', '20:20:00', '2023-04-20'),
(548, 11, '3', '12:15:00', '02:20:00', '14:35:00', '2023-04-20'),
(549, 10, '3', '19:30:00', '02:20:00', '21:50:00', '2023-04-20'),
(550, 9, '3', '14:00:00', '04:45:00', '18:45:00', '2023-04-20'),
(551, 36, '3', '08:00:00', '09:25:00', '17:25:00', '2023-04-20'),
(552, 35, '3', '13:20:00', '09:25:00', '22:45:00', '2023-04-20'),
(553, 34, '3', '02:00:00', '14:55:00', '16:55:00', '2023-04-20'),
(554, 33, '3', '00:00:00', '14:55:00', '14:55:00', '2023-04-20'),
(555, 8, '3', '07:35:00', '09:25:00', '17:00:00', '2023-04-20'),
(556, 7, '3', '10:20:00', '09:25:00', '19:45:00', '2023-04-20'),
(557, 6, '3', '12:15:00', '10:30:00', '22:45:00', '2023-04-20'),
(558, 5, '3', '08:00:00', '10:30:00', '18:30:00', '2023-04-20'),
(559, 4, '3', '17:30:00', '01:21:00', '18:51:00', '2023-04-20'),
(560, 3, '3', '06:00:00', '10:46:00', '16:46:00', '2023-04-20'),
(561, 2, '3', '08:30:00', '10:46:00', '19:16:00', '2023-04-20'),
(562, 1, '3', '06:00:00', '01:21:00', '07:21:00', '2023-04-20'),
(563, 32, '4', '13:15:00', '02:45:00', '16:00:00', '2023-04-21'),
(564, 31, '4', '02:00:00', '10:15:00', '12:15:00', '2023-04-21'),
(565, 30, '4', '04:00:00', '10:15:00', '14:15:00', '2023-04-21'),
(566, 29, '4', '00:15:00', '02:45:00', '03:00:00', '2023-04-21'),
(567, 28, '4', '13:00:00', '10:30:00', '23:30:00', '2023-04-21'),
(568, 27, '4', '20:00:00', '10:30:00', '06:30:00', '2023-04-21'),
(569, 26, '4', '05:00:00', '10:00:00', '15:00:00', '2023-04-21'),
(570, 25, '4', '01:30:00', '10:00:00', '11:30:00', '2023-04-21'),
(571, 24, '4', '10:00:00', '02:55:00', '12:55:00', '2023-04-21'),
(572, 23, '4', '06:00:00', '02:55:00', '08:55:00', '2023-04-21'),
(573, 22, '4', '15:00:00', '02:30:00', '17:30:00', '2023-04-21'),
(574, 21, '4', '19:00:00', '02:30:00', '21:30:00', '2023-04-21'),
(575, 20, '4', '12:15:00', '02:30:00', '14:45:00', '2023-04-21'),
(576, 19, '4', '09:00:00', '02:30:00', '11:30:00', '2023-04-21'),
(577, 18, '4', '13:00:00', '02:55:00', '15:55:00', '2023-04-21'),
(578, 17, '4', '05:40:00', '02:55:00', '08:35:00', '2023-04-21'),
(579, 16, '4', '18:30:00', '02:20:00', '20:50:00', '2023-04-21'),
(580, 15, '4', '17:00:00', '02:20:00', '19:20:00', '2023-04-21'),
(581, 14, '4', '14:00:00', '03:45:00', '17:45:00', '2023-04-21'),
(582, 13, '4', '07:30:00', '03:45:00', '11:15:00', '2023-04-21'),
(583, 12, '4', '15:35:00', '04:45:00', '20:20:00', '2023-04-21'),
(584, 11, '4', '12:15:00', '02:20:00', '14:35:00', '2023-04-21'),
(585, 10, '4', '19:30:00', '02:20:00', '21:50:00', '2023-04-21'),
(586, 9, '4', '14:00:00', '04:45:00', '18:45:00', '2023-04-21'),
(587, 36, '4', '08:00:00', '09:25:00', '17:25:00', '2023-04-21'),
(588, 35, '4', '13:20:00', '09:25:00', '22:45:00', '2023-04-21'),
(589, 34, '4', '02:00:00', '14:55:00', '16:55:00', '2023-04-21'),
(590, 33, '4', '00:00:00', '14:55:00', '14:55:00', '2023-04-21'),
(591, 8, '4', '07:35:00', '09:25:00', '17:00:00', '2023-04-21'),
(592, 7, '4', '10:20:00', '09:25:00', '19:45:00', '2023-04-21'),
(593, 6, '4', '12:15:00', '10:30:00', '22:45:00', '2023-04-21'),
(594, 5, '4', '08:00:00', '10:30:00', '18:30:00', '2023-04-21'),
(595, 4, '4', '17:30:00', '01:21:00', '18:51:00', '2023-04-21'),
(596, 3, '4', '06:00:00', '10:46:00', '16:46:00', '2023-04-21'),
(597, 2, '4', '08:30:00', '10:46:00', '19:16:00', '2023-04-21'),
(598, 1, '4', '06:00:00', '01:21:00', '07:21:00', '2023-04-21'),
(599, 32, '5', '13:15:00', '02:45:00', '16:00:00', '2023-04-22'),
(600, 31, '5', '02:00:00', '10:15:00', '12:15:00', '2023-04-22'),
(601, 30, '5', '04:00:00', '10:15:00', '14:15:00', '2023-04-22'),
(602, 29, '5', '00:15:00', '02:45:00', '03:00:00', '2023-04-22'),
(603, 28, '5', '13:00:00', '10:30:00', '23:30:00', '2023-04-22'),
(604, 27, '5', '20:00:00', '10:30:00', '06:30:00', '2023-04-22'),
(605, 26, '5', '05:00:00', '10:00:00', '15:00:00', '2023-04-22'),
(606, 25, '5', '01:30:00', '10:00:00', '11:30:00', '2023-04-22'),
(607, 24, '5', '10:00:00', '02:55:00', '12:55:00', '2023-04-22'),
(608, 23, '5', '06:00:00', '02:55:00', '08:55:00', '2023-04-22'),
(609, 22, '5', '15:00:00', '02:30:00', '17:30:00', '2023-04-22'),
(610, 21, '5', '19:00:00', '02:30:00', '21:30:00', '2023-04-22'),
(611, 20, '5', '12:15:00', '02:30:00', '14:45:00', '2023-04-22'),
(612, 19, '5', '09:00:00', '02:30:00', '11:30:00', '2023-04-22'),
(613, 18, '5', '13:00:00', '02:55:00', '15:55:00', '2023-04-22'),
(614, 17, '5', '05:40:00', '02:55:00', '08:35:00', '2023-04-22'),
(615, 16, '5', '18:30:00', '02:20:00', '20:50:00', '2023-04-22'),
(616, 15, '5', '17:00:00', '02:20:00', '19:20:00', '2023-04-22'),
(617, 14, '5', '14:00:00', '03:45:00', '17:45:00', '2023-04-22'),
(618, 13, '5', '07:30:00', '03:45:00', '11:15:00', '2023-04-22'),
(619, 12, '5', '15:35:00', '04:45:00', '20:20:00', '2023-04-22'),
(620, 11, '5', '12:15:00', '02:20:00', '14:35:00', '2023-04-22'),
(621, 10, '5', '19:30:00', '02:20:00', '21:50:00', '2023-04-22'),
(622, 9, '5', '14:00:00', '04:45:00', '18:45:00', '2023-04-22'),
(623, 36, '5', '08:00:00', '09:25:00', '17:25:00', '2023-04-22'),
(624, 35, '5', '13:20:00', '09:25:00', '22:45:00', '2023-04-22'),
(625, 34, '5', '02:00:00', '14:55:00', '16:55:00', '2023-04-22'),
(626, 33, '5', '00:00:00', '14:55:00', '14:55:00', '2023-04-22'),
(627, 8, '5', '07:35:00', '09:25:00', '17:00:00', '2023-04-22'),
(628, 7, '5', '10:20:00', '09:25:00', '19:45:00', '2023-04-22'),
(629, 6, '5', '12:15:00', '10:30:00', '22:45:00', '2023-04-22'),
(630, 5, '5', '08:00:00', '10:30:00', '18:30:00', '2023-04-22'),
(631, 4, '5', '17:30:00', '01:21:00', '18:51:00', '2023-04-22'),
(632, 3, '5', '06:00:00', '10:46:00', '16:46:00', '2023-04-22'),
(633, 2, '5', '08:30:00', '10:46:00', '19:16:00', '2023-04-22'),
(634, 1, '5', '06:00:00', '01:21:00', '07:21:00', '2023-04-22'),
(635, 32, '6', '13:15:00', '02:45:00', '16:00:00', '2023-04-23'),
(636, 31, '6', '02:00:00', '10:15:00', '12:15:00', '2023-04-23'),
(637, 30, '6', '04:00:00', '10:15:00', '14:15:00', '2023-04-23'),
(638, 29, '6', '00:15:00', '02:45:00', '03:00:00', '2023-04-23'),
(639, 28, '6', '13:00:00', '10:30:00', '23:30:00', '2023-04-23'),
(640, 27, '6', '20:00:00', '10:30:00', '06:30:00', '2023-04-23'),
(641, 26, '6', '05:00:00', '10:00:00', '15:00:00', '2023-04-23'),
(642, 25, '6', '01:30:00', '10:00:00', '11:30:00', '2023-04-23'),
(643, 24, '6', '10:00:00', '02:55:00', '12:55:00', '2023-04-23'),
(644, 23, '6', '06:00:00', '02:55:00', '08:55:00', '2023-04-23'),
(645, 22, '6', '15:00:00', '02:30:00', '17:30:00', '2023-04-23'),
(646, 21, '6', '19:00:00', '02:30:00', '21:30:00', '2023-04-23'),
(647, 20, '6', '12:15:00', '02:30:00', '14:45:00', '2023-04-23'),
(648, 19, '6', '09:00:00', '02:30:00', '11:30:00', '2023-04-23'),
(649, 18, '6', '13:00:00', '02:55:00', '15:55:00', '2023-04-23'),
(650, 17, '6', '05:40:00', '02:55:00', '08:35:00', '2023-04-23'),
(651, 16, '6', '18:30:00', '02:20:00', '20:50:00', '2023-04-23'),
(652, 15, '6', '17:00:00', '02:20:00', '19:20:00', '2023-04-23'),
(653, 14, '6', '14:00:00', '03:45:00', '17:45:00', '2023-04-23'),
(654, 13, '6', '07:30:00', '03:45:00', '11:15:00', '2023-04-23'),
(655, 12, '6', '15:35:00', '04:45:00', '20:20:00', '2023-04-23'),
(656, 11, '6', '12:15:00', '02:20:00', '14:35:00', '2023-04-23'),
(657, 10, '6', '19:30:00', '02:20:00', '21:50:00', '2023-04-23'),
(658, 9, '6', '14:00:00', '04:45:00', '18:45:00', '2023-04-23'),
(659, 36, '6', '08:00:00', '09:25:00', '17:25:00', '2023-04-23'),
(660, 35, '6', '13:20:00', '09:25:00', '22:45:00', '2023-04-23'),
(661, 34, '6', '02:00:00', '14:55:00', '16:55:00', '2023-04-23'),
(662, 33, '6', '00:00:00', '14:55:00', '14:55:00', '2023-04-23'),
(663, 8, '6', '07:35:00', '09:25:00', '17:00:00', '2023-04-23'),
(664, 7, '6', '10:20:00', '09:25:00', '19:45:00', '2023-04-23'),
(665, 6, '6', '12:15:00', '10:30:00', '22:45:00', '2023-04-23'),
(666, 5, '6', '08:00:00', '10:30:00', '18:30:00', '2023-04-23'),
(667, 4, '6', '17:30:00', '01:21:00', '18:51:00', '2023-04-23'),
(668, 3, '6', '06:00:00', '10:46:00', '16:46:00', '2023-04-23'),
(669, 2, '6', '08:30:00', '10:46:00', '19:16:00', '2023-04-23'),
(670, 1, '6', '06:00:00', '01:21:00', '07:21:00', '2023-04-23'),
(671, 32, '0', '13:15:00', '02:45:00', '16:00:00', '2023-04-24'),
(672, 31, '0', '02:00:00', '10:15:00', '12:15:00', '2023-04-24'),
(673, 30, '0', '04:00:00', '10:15:00', '14:15:00', '2023-04-24'),
(674, 29, '0', '00:15:00', '02:45:00', '03:00:00', '2023-04-24'),
(675, 28, '0', '13:00:00', '10:30:00', '23:30:00', '2023-04-24'),
(676, 27, '0', '20:00:00', '10:30:00', '06:30:00', '2023-04-24'),
(677, 26, '0', '05:00:00', '10:00:00', '15:00:00', '2023-04-24'),
(678, 25, '0', '01:30:00', '10:00:00', '11:30:00', '2023-04-24'),
(679, 24, '0', '10:00:00', '02:55:00', '12:55:00', '2023-04-24'),
(680, 23, '0', '06:00:00', '02:55:00', '08:55:00', '2023-04-24'),
(681, 22, '0', '15:00:00', '02:30:00', '17:30:00', '2023-04-24'),
(682, 21, '0', '19:00:00', '02:30:00', '21:30:00', '2023-04-24'),
(683, 20, '0', '12:15:00', '02:30:00', '14:45:00', '2023-04-24'),
(684, 19, '0', '09:00:00', '02:30:00', '11:30:00', '2023-04-24'),
(685, 18, '0', '13:00:00', '02:55:00', '15:55:00', '2023-04-24'),
(686, 17, '0', '05:40:00', '02:55:00', '08:35:00', '2023-04-24'),
(687, 16, '0', '18:30:00', '02:20:00', '20:50:00', '2023-04-24'),
(688, 15, '0', '17:00:00', '02:20:00', '19:20:00', '2023-04-24'),
(689, 14, '0', '14:00:00', '03:45:00', '17:45:00', '2023-04-24'),
(690, 13, '0', '07:30:00', '03:45:00', '11:15:00', '2023-04-24'),
(691, 12, '0', '15:35:00', '04:45:00', '20:20:00', '2023-04-24'),
(692, 11, '0', '12:15:00', '02:20:00', '14:35:00', '2023-04-24'),
(693, 10, '0', '19:30:00', '02:20:00', '21:50:00', '2023-04-24'),
(694, 9, '0', '14:00:00', '04:45:00', '18:45:00', '2023-04-24'),
(695, 36, '0', '08:00:00', '09:25:00', '17:25:00', '2023-04-24'),
(696, 35, '0', '13:20:00', '09:25:00', '22:45:00', '2023-04-24'),
(697, 34, '0', '02:00:00', '14:55:00', '16:55:00', '2023-04-24'),
(698, 33, '0', '00:00:00', '14:55:00', '14:55:00', '2023-04-24'),
(699, 8, '0', '07:35:00', '09:25:00', '17:00:00', '2023-04-24'),
(700, 7, '0', '10:20:00', '09:25:00', '19:45:00', '2023-04-24'),
(701, 6, '0', '12:15:00', '10:30:00', '22:45:00', '2023-04-24'),
(702, 5, '0', '08:00:00', '10:30:00', '18:30:00', '2023-04-24'),
(703, 4, '0', '17:30:00', '01:21:00', '18:51:00', '2023-04-24'),
(704, 3, '0', '06:00:00', '10:46:00', '16:46:00', '2023-04-24'),
(705, 2, '0', '08:30:00', '10:46:00', '19:16:00', '2023-04-24'),
(706, 1, '0', '06:00:00', '01:21:00', '07:21:00', '2023-04-24'),
(707, 32, '1', '13:15:00', '02:45:00', '16:00:00', '2023-04-25'),
(708, 31, '1', '02:00:00', '10:15:00', '12:15:00', '2023-04-25'),
(709, 30, '1', '04:00:00', '10:15:00', '14:15:00', '2023-04-25'),
(710, 29, '1', '00:15:00', '02:45:00', '03:00:00', '2023-04-25'),
(711, 28, '1', '13:00:00', '10:30:00', '23:30:00', '2023-04-25'),
(712, 27, '1', '20:00:00', '10:30:00', '06:30:00', '2023-04-25'),
(713, 26, '1', '05:00:00', '10:00:00', '15:00:00', '2023-04-25'),
(714, 25, '1', '01:30:00', '10:00:00', '11:30:00', '2023-04-25'),
(715, 24, '1', '10:00:00', '02:55:00', '12:55:00', '2023-04-25'),
(716, 23, '1', '06:00:00', '02:55:00', '08:55:00', '2023-04-25'),
(717, 22, '1', '15:00:00', '02:30:00', '17:30:00', '2023-04-25'),
(718, 21, '1', '19:00:00', '02:30:00', '21:30:00', '2023-04-25'),
(719, 20, '1', '12:15:00', '02:30:00', '14:45:00', '2023-04-25'),
(720, 19, '1', '09:00:00', '02:30:00', '11:30:00', '2023-04-25'),
(721, 18, '1', '13:00:00', '02:55:00', '15:55:00', '2023-04-25'),
(722, 17, '1', '05:40:00', '02:55:00', '08:35:00', '2023-04-25'),
(723, 16, '1', '18:30:00', '02:20:00', '20:50:00', '2023-04-25'),
(724, 15, '1', '17:00:00', '02:20:00', '19:20:00', '2023-04-25'),
(725, 14, '1', '14:00:00', '03:45:00', '17:45:00', '2023-04-25'),
(726, 13, '1', '07:30:00', '03:45:00', '11:15:00', '2023-04-25'),
(727, 12, '1', '15:35:00', '04:45:00', '20:20:00', '2023-04-25'),
(728, 11, '1', '12:15:00', '02:20:00', '14:35:00', '2023-04-25'),
(729, 10, '1', '19:30:00', '02:20:00', '21:50:00', '2023-04-25'),
(730, 9, '1', '14:00:00', '04:45:00', '18:45:00', '2023-04-25'),
(731, 36, '1', '08:00:00', '09:25:00', '17:25:00', '2023-04-25'),
(732, 35, '1', '13:20:00', '09:25:00', '22:45:00', '2023-04-25'),
(733, 34, '1', '02:00:00', '14:55:00', '16:55:00', '2023-04-25'),
(734, 33, '1', '00:00:00', '14:55:00', '14:55:00', '2023-04-25'),
(735, 8, '1', '07:35:00', '09:25:00', '17:00:00', '2023-04-25'),
(736, 7, '1', '10:20:00', '09:25:00', '19:45:00', '2023-04-25'),
(737, 6, '1', '12:15:00', '10:30:00', '22:45:00', '2023-04-25'),
(738, 5, '1', '08:00:00', '10:30:00', '18:30:00', '2023-04-25'),
(739, 4, '1', '17:30:00', '01:21:00', '18:51:00', '2023-04-25'),
(740, 3, '1', '06:00:00', '10:46:00', '16:46:00', '2023-04-25'),
(741, 2, '1', '08:30:00', '10:46:00', '19:16:00', '2023-04-25'),
(742, 1, '1', '06:00:00', '01:21:00', '07:21:00', '2023-04-25'),
(743, 32, '2', '13:15:00', '02:45:00', '16:00:00', '2023-04-26'),
(744, 31, '2', '02:00:00', '10:15:00', '12:15:00', '2023-04-26'),
(745, 30, '2', '04:00:00', '10:15:00', '14:15:00', '2023-04-26'),
(746, 29, '2', '00:15:00', '02:45:00', '03:00:00', '2023-04-26'),
(747, 28, '2', '13:00:00', '10:30:00', '23:30:00', '2023-04-26'),
(748, 27, '2', '20:00:00', '10:30:00', '06:30:00', '2023-04-26'),
(749, 26, '2', '05:00:00', '10:00:00', '15:00:00', '2023-04-26'),
(750, 25, '2', '01:30:00', '10:00:00', '11:30:00', '2023-04-26'),
(751, 24, '2', '10:00:00', '02:55:00', '12:55:00', '2023-04-26'),
(752, 23, '2', '06:00:00', '02:55:00', '08:55:00', '2023-04-26'),
(753, 22, '2', '15:00:00', '02:30:00', '17:30:00', '2023-04-26'),
(754, 21, '2', '19:00:00', '02:30:00', '21:30:00', '2023-04-26'),
(755, 20, '2', '12:15:00', '02:30:00', '14:45:00', '2023-04-26'),
(756, 19, '2', '09:00:00', '02:30:00', '11:30:00', '2023-04-26'),
(757, 18, '2', '13:00:00', '02:55:00', '15:55:00', '2023-04-26'),
(758, 17, '2', '05:40:00', '02:55:00', '08:35:00', '2023-04-26'),
(759, 16, '2', '18:30:00', '02:20:00', '20:50:00', '2023-04-26'),
(760, 15, '2', '17:00:00', '02:20:00', '19:20:00', '2023-04-26'),
(761, 14, '2', '14:00:00', '03:45:00', '17:45:00', '2023-04-26'),
(762, 13, '2', '07:30:00', '03:45:00', '11:15:00', '2023-04-26'),
(763, 12, '2', '15:35:00', '04:45:00', '20:20:00', '2023-04-26'),
(764, 11, '2', '12:15:00', '02:20:00', '14:35:00', '2023-04-26'),
(765, 10, '2', '19:30:00', '02:20:00', '21:50:00', '2023-04-26'),
(766, 9, '2', '14:00:00', '04:45:00', '18:45:00', '2023-04-26'),
(767, 36, '2', '08:00:00', '09:25:00', '17:25:00', '2023-04-26'),
(768, 35, '2', '13:20:00', '09:25:00', '22:45:00', '2023-04-26'),
(769, 34, '2', '02:00:00', '14:55:00', '16:55:00', '2023-04-26'),
(770, 33, '2', '00:00:00', '14:55:00', '14:55:00', '2023-04-26'),
(771, 8, '2', '07:35:00', '09:25:00', '17:00:00', '2023-04-26'),
(772, 7, '2', '10:20:00', '09:25:00', '19:45:00', '2023-04-26'),
(773, 6, '2', '12:15:00', '10:30:00', '22:45:00', '2023-04-26'),
(774, 5, '2', '08:00:00', '10:30:00', '18:30:00', '2023-04-26'),
(775, 4, '2', '17:30:00', '01:21:00', '18:51:00', '2023-04-26'),
(776, 3, '2', '06:00:00', '10:46:00', '16:46:00', '2023-04-26'),
(777, 2, '2', '08:30:00', '10:46:00', '19:16:00', '2023-04-26'),
(778, 1, '2', '06:00:00', '01:21:00', '07:21:00', '2023-04-26'),
(779, 32, '3', '13:15:00', '02:45:00', '16:00:00', '2023-04-27'),
(780, 31, '3', '02:00:00', '10:15:00', '12:15:00', '2023-04-27'),
(781, 30, '3', '04:00:00', '10:15:00', '14:15:00', '2023-04-27'),
(782, 29, '3', '00:15:00', '02:45:00', '03:00:00', '2023-04-27'),
(783, 28, '3', '13:00:00', '10:30:00', '23:30:00', '2023-04-27'),
(784, 27, '3', '20:00:00', '10:30:00', '06:30:00', '2023-04-27'),
(785, 26, '3', '05:00:00', '10:00:00', '15:00:00', '2023-04-27'),
(786, 25, '3', '01:30:00', '10:00:00', '11:30:00', '2023-04-27'),
(787, 24, '3', '10:00:00', '02:55:00', '12:55:00', '2023-04-27'),
(788, 23, '3', '06:00:00', '02:55:00', '08:55:00', '2023-04-27'),
(789, 22, '3', '15:00:00', '02:30:00', '17:30:00', '2023-04-27'),
(790, 21, '3', '19:00:00', '02:30:00', '21:30:00', '2023-04-27'),
(791, 20, '3', '12:15:00', '02:30:00', '14:45:00', '2023-04-27'),
(792, 19, '3', '09:00:00', '02:30:00', '11:30:00', '2023-04-27'),
(793, 18, '3', '13:00:00', '02:55:00', '15:55:00', '2023-04-27'),
(794, 17, '3', '05:40:00', '02:55:00', '08:35:00', '2023-04-27'),
(795, 16, '3', '18:30:00', '02:20:00', '20:50:00', '2023-04-27'),
(796, 15, '3', '17:00:00', '02:20:00', '19:20:00', '2023-04-27'),
(797, 14, '3', '14:00:00', '03:45:00', '17:45:00', '2023-04-27'),
(798, 13, '3', '07:30:00', '03:45:00', '11:15:00', '2023-04-27'),
(799, 12, '3', '15:35:00', '04:45:00', '20:20:00', '2023-04-27'),
(800, 11, '3', '12:15:00', '02:20:00', '14:35:00', '2023-04-27'),
(801, 10, '3', '19:30:00', '02:20:00', '21:50:00', '2023-04-27'),
(802, 9, '3', '14:00:00', '04:45:00', '18:45:00', '2023-04-27'),
(803, 36, '3', '08:00:00', '09:25:00', '17:25:00', '2023-04-27'),
(804, 35, '3', '13:20:00', '09:25:00', '22:45:00', '2023-04-27'),
(805, 34, '3', '02:00:00', '14:55:00', '16:55:00', '2023-04-27'),
(806, 33, '3', '00:00:00', '14:55:00', '14:55:00', '2023-04-27');
INSERT INTO `scheduled_flight` (`schedule_record`, `flight_record`, `weekdays`, `departure_time`, `duration`, `arrival_time`, `flight_date`) VALUES
(807, 8, '3', '07:35:00', '09:25:00', '17:00:00', '2023-04-27'),
(808, 7, '3', '10:20:00', '09:25:00', '19:45:00', '2023-04-27'),
(809, 6, '3', '12:15:00', '10:30:00', '22:45:00', '2023-04-27'),
(810, 5, '3', '08:00:00', '10:30:00', '18:30:00', '2023-04-27'),
(811, 4, '3', '17:30:00', '01:21:00', '18:51:00', '2023-04-27'),
(812, 3, '3', '06:00:00', '10:46:00', '16:46:00', '2023-04-27'),
(813, 2, '3', '08:30:00', '10:46:00', '19:16:00', '2023-04-27'),
(814, 1, '3', '06:00:00', '01:21:00', '07:21:00', '2023-04-27'),
(815, 32, '4', '13:15:00', '02:45:00', '16:00:00', '2023-04-28'),
(816, 31, '4', '02:00:00', '10:15:00', '12:15:00', '2023-04-28'),
(817, 30, '4', '04:00:00', '10:15:00', '14:15:00', '2023-04-28'),
(818, 29, '4', '00:15:00', '02:45:00', '03:00:00', '2023-04-28'),
(819, 28, '4', '13:00:00', '10:30:00', '23:30:00', '2023-04-28'),
(820, 27, '4', '20:00:00', '10:30:00', '06:30:00', '2023-04-28'),
(821, 26, '4', '05:00:00', '10:00:00', '15:00:00', '2023-04-28'),
(822, 25, '4', '01:30:00', '10:00:00', '11:30:00', '2023-04-28'),
(823, 24, '4', '10:00:00', '02:55:00', '12:55:00', '2023-04-28'),
(824, 23, '4', '06:00:00', '02:55:00', '08:55:00', '2023-04-28'),
(825, 22, '4', '15:00:00', '02:30:00', '17:30:00', '2023-04-28'),
(826, 21, '4', '19:00:00', '02:30:00', '21:30:00', '2023-04-28'),
(827, 20, '4', '12:15:00', '02:30:00', '14:45:00', '2023-04-28'),
(828, 19, '4', '09:00:00', '02:30:00', '11:30:00', '2023-04-28'),
(829, 18, '4', '13:00:00', '02:55:00', '15:55:00', '2023-04-28'),
(830, 17, '4', '05:40:00', '02:55:00', '08:35:00', '2023-04-28'),
(831, 16, '4', '18:30:00', '02:20:00', '20:50:00', '2023-04-28'),
(832, 15, '4', '17:00:00', '02:20:00', '19:20:00', '2023-04-28'),
(833, 14, '4', '14:00:00', '03:45:00', '17:45:00', '2023-04-28'),
(834, 13, '4', '07:30:00', '03:45:00', '11:15:00', '2023-04-28'),
(835, 12, '4', '15:35:00', '04:45:00', '20:20:00', '2023-04-28'),
(836, 11, '4', '12:15:00', '02:20:00', '14:35:00', '2023-04-28'),
(837, 10, '4', '19:30:00', '02:20:00', '21:50:00', '2023-04-28'),
(838, 9, '4', '14:00:00', '04:45:00', '18:45:00', '2023-04-28'),
(839, 36, '4', '08:00:00', '09:25:00', '17:25:00', '2023-04-28'),
(840, 35, '4', '13:20:00', '09:25:00', '22:45:00', '2023-04-28'),
(841, 34, '4', '02:00:00', '14:55:00', '16:55:00', '2023-04-28'),
(842, 33, '4', '00:00:00', '14:55:00', '14:55:00', '2023-04-28'),
(843, 8, '4', '07:35:00', '09:25:00', '17:00:00', '2023-04-28'),
(844, 7, '4', '10:20:00', '09:25:00', '19:45:00', '2023-04-28'),
(845, 6, '4', '12:15:00', '10:30:00', '22:45:00', '2023-04-28'),
(846, 5, '4', '08:00:00', '10:30:00', '18:30:00', '2023-04-28'),
(847, 4, '4', '17:30:00', '01:21:00', '18:51:00', '2023-04-28'),
(848, 3, '4', '06:00:00', '10:46:00', '16:46:00', '2023-04-28'),
(849, 2, '4', '08:30:00', '10:46:00', '19:16:00', '2023-04-28'),
(850, 1, '4', '06:00:00', '01:21:00', '07:21:00', '2023-04-28'),
(851, 32, '5', '13:15:00', '02:45:00', '16:00:00', '2023-04-29'),
(852, 31, '5', '02:00:00', '10:15:00', '12:15:00', '2023-04-29'),
(853, 30, '5', '04:00:00', '10:15:00', '14:15:00', '2023-04-29'),
(854, 29, '5', '00:15:00', '02:45:00', '03:00:00', '2023-04-29'),
(855, 28, '5', '13:00:00', '10:30:00', '23:30:00', '2023-04-29'),
(856, 27, '5', '20:00:00', '10:30:00', '06:30:00', '2023-04-29'),
(857, 26, '5', '05:00:00', '10:00:00', '15:00:00', '2023-04-29'),
(858, 25, '5', '01:30:00', '10:00:00', '11:30:00', '2023-04-29'),
(859, 24, '5', '10:00:00', '02:55:00', '12:55:00', '2023-04-29'),
(860, 23, '5', '06:00:00', '02:55:00', '08:55:00', '2023-04-29'),
(861, 22, '5', '15:00:00', '02:30:00', '17:30:00', '2023-04-29'),
(862, 21, '5', '19:00:00', '02:30:00', '21:30:00', '2023-04-29'),
(863, 20, '5', '12:15:00', '02:30:00', '14:45:00', '2023-04-29'),
(864, 19, '5', '09:00:00', '02:30:00', '11:30:00', '2023-04-29'),
(865, 18, '5', '13:00:00', '02:55:00', '15:55:00', '2023-04-29'),
(866, 17, '5', '05:40:00', '02:55:00', '08:35:00', '2023-04-29'),
(867, 16, '5', '18:30:00', '02:20:00', '20:50:00', '2023-04-29'),
(868, 15, '5', '17:00:00', '02:20:00', '19:20:00', '2023-04-29'),
(869, 14, '5', '14:00:00', '03:45:00', '17:45:00', '2023-04-29'),
(870, 13, '5', '07:30:00', '03:45:00', '11:15:00', '2023-04-29'),
(871, 12, '5', '15:35:00', '04:45:00', '20:20:00', '2023-04-29'),
(872, 11, '5', '12:15:00', '02:20:00', '14:35:00', '2023-04-29'),
(873, 10, '5', '19:30:00', '02:20:00', '21:50:00', '2023-04-29'),
(874, 9, '5', '14:00:00', '04:45:00', '18:45:00', '2023-04-29'),
(875, 36, '5', '08:00:00', '09:25:00', '17:25:00', '2023-04-29'),
(876, 35, '5', '13:20:00', '09:25:00', '22:45:00', '2023-04-29'),
(877, 34, '5', '02:00:00', '14:55:00', '16:55:00', '2023-04-29'),
(878, 33, '5', '00:00:00', '14:55:00', '14:55:00', '2023-04-29'),
(879, 8, '5', '07:35:00', '09:25:00', '17:00:00', '2023-04-29'),
(880, 7, '5', '10:20:00', '09:25:00', '19:45:00', '2023-04-29'),
(881, 6, '5', '12:15:00', '10:30:00', '22:45:00', '2023-04-29'),
(882, 5, '5', '08:00:00', '10:30:00', '18:30:00', '2023-04-29'),
(883, 4, '5', '17:30:00', '01:21:00', '18:51:00', '2023-04-29'),
(884, 3, '5', '06:00:00', '10:46:00', '16:46:00', '2023-04-29'),
(885, 2, '5', '08:30:00', '10:46:00', '19:16:00', '2023-04-29'),
(886, 1, '5', '06:00:00', '01:21:00', '07:21:00', '2023-04-29'),
(887, 32, '6', '13:15:00', '02:45:00', '16:00:00', '2023-04-30'),
(888, 31, '6', '02:00:00', '10:15:00', '12:15:00', '2023-04-30'),
(889, 30, '6', '04:00:00', '10:15:00', '14:15:00', '2023-04-30'),
(890, 29, '6', '00:15:00', '02:45:00', '03:00:00', '2023-04-30'),
(891, 28, '6', '13:00:00', '10:30:00', '23:30:00', '2023-04-30'),
(892, 27, '6', '20:00:00', '10:30:00', '06:30:00', '2023-04-30'),
(893, 26, '6', '05:00:00', '10:00:00', '15:00:00', '2023-04-30'),
(894, 25, '6', '01:30:00', '10:00:00', '11:30:00', '2023-04-30'),
(895, 24, '6', '10:00:00', '02:55:00', '12:55:00', '2023-04-30'),
(896, 23, '6', '06:00:00', '02:55:00', '08:55:00', '2023-04-30'),
(897, 22, '6', '15:00:00', '02:30:00', '17:30:00', '2023-04-30'),
(898, 21, '6', '19:00:00', '02:30:00', '21:30:00', '2023-04-30'),
(899, 20, '6', '12:15:00', '02:30:00', '14:45:00', '2023-04-30'),
(900, 19, '6', '09:00:00', '02:30:00', '11:30:00', '2023-04-30'),
(901, 18, '6', '13:00:00', '02:55:00', '15:55:00', '2023-04-30'),
(902, 17, '6', '05:40:00', '02:55:00', '08:35:00', '2023-04-30'),
(903, 16, '6', '18:30:00', '02:20:00', '20:50:00', '2023-04-30'),
(904, 15, '6', '17:00:00', '02:20:00', '19:20:00', '2023-04-30'),
(905, 14, '6', '14:00:00', '03:45:00', '17:45:00', '2023-04-30'),
(906, 13, '6', '07:30:00', '03:45:00', '11:15:00', '2023-04-30'),
(907, 12, '6', '15:35:00', '04:45:00', '20:20:00', '2023-04-30'),
(908, 11, '6', '12:15:00', '02:20:00', '14:35:00', '2023-04-30'),
(909, 10, '6', '19:30:00', '02:20:00', '21:50:00', '2023-04-30'),
(910, 9, '6', '14:00:00', '04:45:00', '18:45:00', '2023-04-30'),
(911, 36, '6', '08:00:00', '09:25:00', '17:25:00', '2023-04-30'),
(912, 35, '6', '13:20:00', '09:25:00', '22:45:00', '2023-04-30'),
(913, 34, '6', '02:00:00', '14:55:00', '16:55:00', '2023-04-30'),
(914, 33, '6', '00:00:00', '14:55:00', '14:55:00', '2023-04-30'),
(915, 8, '6', '07:35:00', '09:25:00', '17:00:00', '2023-04-30'),
(916, 7, '6', '10:20:00', '09:25:00', '19:45:00', '2023-04-30'),
(917, 6, '6', '12:15:00', '10:30:00', '22:45:00', '2023-04-30'),
(918, 5, '6', '08:00:00', '10:30:00', '18:30:00', '2023-04-30'),
(919, 4, '6', '17:30:00', '01:21:00', '18:51:00', '2023-04-30'),
(920, 3, '6', '06:00:00', '10:46:00', '16:46:00', '2023-04-30'),
(921, 2, '6', '08:30:00', '10:46:00', '19:16:00', '2023-04-30'),
(922, 1, '6', '06:00:00', '01:21:00', '07:21:00', '2023-04-30'),
(923, 32, '0', '13:15:00', '02:45:00', '16:00:00', '2023-05-01'),
(924, 31, '0', '02:00:00', '10:15:00', '12:15:00', '2023-05-01'),
(925, 30, '0', '04:00:00', '10:15:00', '14:15:00', '2023-05-01'),
(926, 29, '0', '00:15:00', '02:45:00', '03:00:00', '2023-05-01'),
(927, 28, '0', '13:00:00', '10:30:00', '23:30:00', '2023-05-01'),
(928, 27, '0', '20:00:00', '10:30:00', '06:30:00', '2023-05-01'),
(929, 26, '0', '05:00:00', '10:00:00', '15:00:00', '2023-05-01'),
(930, 25, '0', '01:30:00', '10:00:00', '11:30:00', '2023-05-01'),
(931, 24, '0', '10:00:00', '02:55:00', '12:55:00', '2023-05-01'),
(932, 23, '0', '06:00:00', '02:55:00', '08:55:00', '2023-05-01'),
(933, 22, '0', '15:00:00', '02:30:00', '17:30:00', '2023-05-01'),
(934, 21, '0', '19:00:00', '02:30:00', '21:30:00', '2023-05-01'),
(935, 20, '0', '12:15:00', '02:30:00', '14:45:00', '2023-05-01'),
(936, 19, '0', '09:00:00', '02:30:00', '11:30:00', '2023-05-01'),
(937, 18, '0', '13:00:00', '02:55:00', '15:55:00', '2023-05-01'),
(938, 17, '0', '05:40:00', '02:55:00', '08:35:00', '2023-05-01'),
(939, 16, '0', '18:30:00', '02:20:00', '20:50:00', '2023-05-01'),
(940, 15, '0', '17:00:00', '02:20:00', '19:20:00', '2023-05-01'),
(941, 14, '0', '14:00:00', '03:45:00', '17:45:00', '2023-05-01'),
(942, 13, '0', '07:30:00', '03:45:00', '11:15:00', '2023-05-01'),
(943, 12, '0', '15:35:00', '04:45:00', '20:20:00', '2023-05-01'),
(944, 11, '0', '12:15:00', '02:20:00', '14:35:00', '2023-05-01'),
(945, 10, '0', '19:30:00', '02:20:00', '21:50:00', '2023-05-01'),
(946, 9, '0', '14:00:00', '04:45:00', '18:45:00', '2023-05-01'),
(947, 36, '0', '08:00:00', '09:25:00', '17:25:00', '2023-05-01'),
(948, 35, '0', '13:20:00', '09:25:00', '22:45:00', '2023-05-01'),
(949, 34, '0', '02:00:00', '14:55:00', '16:55:00', '2023-05-01'),
(950, 33, '0', '00:00:00', '14:55:00', '14:55:00', '2023-05-01'),
(951, 8, '0', '07:35:00', '09:25:00', '17:00:00', '2023-05-01'),
(952, 7, '0', '10:20:00', '09:25:00', '19:45:00', '2023-05-01'),
(953, 6, '0', '12:15:00', '10:30:00', '22:45:00', '2023-05-01'),
(954, 5, '0', '08:00:00', '10:30:00', '18:30:00', '2023-05-01'),
(955, 4, '0', '17:30:00', '01:21:00', '18:51:00', '2023-05-01'),
(956, 3, '0', '06:00:00', '10:46:00', '16:46:00', '2023-05-01'),
(957, 2, '0', '08:30:00', '10:46:00', '19:16:00', '2023-05-01'),
(958, 1, '0', '06:00:00', '01:21:00', '07:21:00', '2023-05-01'),
(959, 32, '1', '13:15:00', '02:45:00', '16:00:00', '2023-05-02'),
(960, 31, '1', '02:00:00', '10:15:00', '12:15:00', '2023-05-02'),
(961, 30, '1', '04:00:00', '10:15:00', '14:15:00', '2023-05-02'),
(962, 29, '1', '00:15:00', '02:45:00', '03:00:00', '2023-05-02'),
(963, 28, '1', '13:00:00', '10:30:00', '23:30:00', '2023-05-02'),
(964, 27, '1', '20:00:00', '10:30:00', '06:30:00', '2023-05-02'),
(965, 26, '1', '05:00:00', '10:00:00', '15:00:00', '2023-05-02'),
(966, 25, '1', '01:30:00', '10:00:00', '11:30:00', '2023-05-02'),
(967, 24, '1', '10:00:00', '02:55:00', '12:55:00', '2023-05-02'),
(968, 23, '1', '06:00:00', '02:55:00', '08:55:00', '2023-05-02'),
(969, 22, '1', '15:00:00', '02:30:00', '17:30:00', '2023-05-02'),
(970, 21, '1', '19:00:00', '02:30:00', '21:30:00', '2023-05-02'),
(971, 20, '1', '12:15:00', '02:30:00', '14:45:00', '2023-05-02'),
(972, 19, '1', '09:00:00', '02:30:00', '11:30:00', '2023-05-02'),
(973, 18, '1', '13:00:00', '02:55:00', '15:55:00', '2023-05-02'),
(974, 17, '1', '05:40:00', '02:55:00', '08:35:00', '2023-05-02'),
(975, 16, '1', '18:30:00', '02:20:00', '20:50:00', '2023-05-02'),
(976, 15, '1', '17:00:00', '02:20:00', '19:20:00', '2023-05-02'),
(977, 14, '1', '14:00:00', '03:45:00', '17:45:00', '2023-05-02'),
(978, 13, '1', '07:30:00', '03:45:00', '11:15:00', '2023-05-02'),
(979, 12, '1', '15:35:00', '04:45:00', '20:20:00', '2023-05-02'),
(980, 11, '1', '12:15:00', '02:20:00', '14:35:00', '2023-05-02'),
(981, 10, '1', '19:30:00', '02:20:00', '21:50:00', '2023-05-02'),
(982, 9, '1', '14:00:00', '04:45:00', '18:45:00', '2023-05-02'),
(983, 36, '1', '08:00:00', '09:25:00', '17:25:00', '2023-05-02'),
(984, 35, '1', '13:20:00', '09:25:00', '22:45:00', '2023-05-02'),
(985, 34, '1', '02:00:00', '14:55:00', '16:55:00', '2023-05-02'),
(986, 33, '1', '00:00:00', '14:55:00', '14:55:00', '2023-05-02'),
(987, 8, '1', '07:35:00', '09:25:00', '17:00:00', '2023-05-02'),
(988, 7, '1', '10:20:00', '09:25:00', '19:45:00', '2023-05-02'),
(989, 6, '1', '12:15:00', '10:30:00', '22:45:00', '2023-05-02'),
(990, 5, '1', '08:00:00', '10:30:00', '18:30:00', '2023-05-02'),
(991, 4, '1', '17:30:00', '01:21:00', '18:51:00', '2023-05-02'),
(992, 3, '1', '06:00:00', '10:46:00', '16:46:00', '2023-05-02'),
(993, 2, '1', '08:30:00', '10:46:00', '19:16:00', '2023-05-02'),
(994, 1, '1', '06:00:00', '01:21:00', '07:21:00', '2023-05-02'),
(995, 32, '2', '13:15:00', '02:45:00', '16:00:00', '2023-05-03'),
(996, 31, '2', '02:00:00', '10:15:00', '12:15:00', '2023-05-03'),
(997, 30, '2', '04:00:00', '10:15:00', '14:15:00', '2023-05-03'),
(998, 29, '2', '00:15:00', '02:45:00', '03:00:00', '2023-05-03'),
(999, 28, '2', '13:00:00', '10:30:00', '23:30:00', '2023-05-03'),
(1000, 27, '2', '20:00:00', '10:30:00', '06:30:00', '2023-05-03'),
(1001, 26, '2', '05:00:00', '10:00:00', '15:00:00', '2023-05-03'),
(1002, 25, '2', '01:30:00', '10:00:00', '11:30:00', '2023-05-03'),
(1003, 24, '2', '10:00:00', '02:55:00', '12:55:00', '2023-05-03'),
(1004, 23, '2', '06:00:00', '02:55:00', '08:55:00', '2023-05-03'),
(1005, 22, '2', '15:00:00', '02:30:00', '17:30:00', '2023-05-03'),
(1006, 21, '2', '19:00:00', '02:30:00', '21:30:00', '2023-05-03'),
(1007, 20, '2', '12:15:00', '02:30:00', '14:45:00', '2023-05-03'),
(1008, 19, '2', '09:00:00', '02:30:00', '11:30:00', '2023-05-03'),
(1009, 18, '2', '13:00:00', '02:55:00', '15:55:00', '2023-05-03'),
(1010, 17, '2', '05:40:00', '02:55:00', '08:35:00', '2023-05-03'),
(1011, 16, '2', '18:30:00', '02:20:00', '20:50:00', '2023-05-03'),
(1012, 15, '2', '17:00:00', '02:20:00', '19:20:00', '2023-05-03'),
(1013, 14, '2', '14:00:00', '03:45:00', '17:45:00', '2023-05-03'),
(1014, 13, '2', '07:30:00', '03:45:00', '11:15:00', '2023-05-03'),
(1015, 12, '2', '15:35:00', '04:45:00', '20:20:00', '2023-05-03'),
(1016, 11, '2', '12:15:00', '02:20:00', '14:35:00', '2023-05-03'),
(1017, 10, '2', '19:30:00', '02:20:00', '21:50:00', '2023-05-03'),
(1018, 9, '2', '14:00:00', '04:45:00', '18:45:00', '2023-05-03'),
(1019, 36, '2', '08:00:00', '09:25:00', '17:25:00', '2023-05-03'),
(1020, 35, '2', '13:20:00', '09:25:00', '22:45:00', '2023-05-03'),
(1021, 34, '2', '02:00:00', '14:55:00', '16:55:00', '2023-05-03'),
(1022, 33, '2', '00:00:00', '14:55:00', '14:55:00', '2023-05-03'),
(1023, 8, '2', '07:35:00', '09:25:00', '17:00:00', '2023-05-03'),
(1024, 7, '2', '10:20:00', '09:25:00', '19:45:00', '2023-05-03'),
(1025, 6, '2', '12:15:00', '10:30:00', '22:45:00', '2023-05-03'),
(1026, 5, '2', '08:00:00', '10:30:00', '18:30:00', '2023-05-03'),
(1027, 4, '2', '17:30:00', '01:21:00', '18:51:00', '2023-05-03'),
(1028, 3, '2', '06:00:00', '10:46:00', '16:46:00', '2023-05-03'),
(1029, 2, '2', '08:30:00', '10:46:00', '19:16:00', '2023-05-03'),
(1030, 1, '2', '06:00:00', '01:21:00', '07:21:00', '2023-05-03'),
(1031, 32, '3', '13:15:00', '02:45:00', '16:00:00', '2023-05-04'),
(1032, 31, '3', '02:00:00', '10:15:00', '12:15:00', '2023-05-04'),
(1033, 30, '3', '04:00:00', '10:15:00', '14:15:00', '2023-05-04'),
(1034, 29, '3', '00:15:00', '02:45:00', '03:00:00', '2023-05-04'),
(1035, 28, '3', '13:00:00', '10:30:00', '23:30:00', '2023-05-04'),
(1036, 27, '3', '20:00:00', '10:30:00', '06:30:00', '2023-05-04'),
(1037, 26, '3', '05:00:00', '10:00:00', '15:00:00', '2023-05-04'),
(1038, 25, '3', '01:30:00', '10:00:00', '11:30:00', '2023-05-04'),
(1039, 24, '3', '10:00:00', '02:55:00', '12:55:00', '2023-05-04'),
(1040, 23, '3', '06:00:00', '02:55:00', '08:55:00', '2023-05-04'),
(1041, 22, '3', '15:00:00', '02:30:00', '17:30:00', '2023-05-04'),
(1042, 21, '3', '19:00:00', '02:30:00', '21:30:00', '2023-05-04'),
(1043, 20, '3', '12:15:00', '02:30:00', '14:45:00', '2023-05-04'),
(1044, 19, '3', '09:00:00', '02:30:00', '11:30:00', '2023-05-04'),
(1045, 18, '3', '13:00:00', '02:55:00', '15:55:00', '2023-05-04'),
(1046, 17, '3', '05:40:00', '02:55:00', '08:35:00', '2023-05-04'),
(1047, 16, '3', '18:30:00', '02:20:00', '20:50:00', '2023-05-04'),
(1048, 15, '3', '17:00:00', '02:20:00', '19:20:00', '2023-05-04'),
(1049, 14, '3', '14:00:00', '03:45:00', '17:45:00', '2023-05-04'),
(1050, 13, '3', '07:30:00', '03:45:00', '11:15:00', '2023-05-04'),
(1051, 12, '3', '15:35:00', '04:45:00', '20:20:00', '2023-05-04'),
(1052, 11, '3', '12:15:00', '02:20:00', '14:35:00', '2023-05-04'),
(1053, 10, '3', '19:30:00', '02:20:00', '21:50:00', '2023-05-04'),
(1054, 9, '3', '14:00:00', '04:45:00', '18:45:00', '2023-05-04'),
(1055, 36, '3', '08:00:00', '09:25:00', '17:25:00', '2023-05-04'),
(1056, 35, '3', '13:20:00', '09:25:00', '22:45:00', '2023-05-04'),
(1057, 34, '3', '02:00:00', '14:55:00', '16:55:00', '2023-05-04'),
(1058, 33, '3', '00:00:00', '14:55:00', '14:55:00', '2023-05-04'),
(1059, 8, '3', '07:35:00', '09:25:00', '17:00:00', '2023-05-04'),
(1060, 7, '3', '10:20:00', '09:25:00', '19:45:00', '2023-05-04'),
(1061, 6, '3', '12:15:00', '10:30:00', '22:45:00', '2023-05-04'),
(1062, 5, '3', '08:00:00', '10:30:00', '18:30:00', '2023-05-04'),
(1063, 4, '3', '17:30:00', '01:21:00', '18:51:00', '2023-05-04'),
(1064, 3, '3', '06:00:00', '10:46:00', '16:46:00', '2023-05-04'),
(1065, 2, '3', '08:30:00', '10:46:00', '19:16:00', '2023-05-04'),
(1066, 1, '3', '06:00:00', '01:21:00', '07:21:00', '2023-05-04'),
(1067, 32, '4', '13:15:00', '02:45:00', '16:00:00', '2023-05-05'),
(1068, 31, '4', '02:00:00', '10:15:00', '12:15:00', '2023-05-05'),
(1069, 30, '4', '04:00:00', '10:15:00', '14:15:00', '2023-05-05'),
(1070, 29, '4', '00:15:00', '02:45:00', '03:00:00', '2023-05-05'),
(1071, 28, '4', '13:00:00', '10:30:00', '23:30:00', '2023-05-05'),
(1072, 27, '4', '20:00:00', '10:30:00', '06:30:00', '2023-05-05'),
(1073, 26, '4', '05:00:00', '10:00:00', '15:00:00', '2023-05-05'),
(1074, 25, '4', '01:30:00', '10:00:00', '11:30:00', '2023-05-05'),
(1075, 24, '4', '10:00:00', '02:55:00', '12:55:00', '2023-05-05'),
(1076, 23, '4', '06:00:00', '02:55:00', '08:55:00', '2023-05-05'),
(1077, 22, '4', '15:00:00', '02:30:00', '17:30:00', '2023-05-05'),
(1078, 21, '4', '19:00:00', '02:30:00', '21:30:00', '2023-05-05'),
(1079, 20, '4', '12:15:00', '02:30:00', '14:45:00', '2023-05-05'),
(1080, 19, '4', '09:00:00', '02:30:00', '11:30:00', '2023-05-05'),
(1081, 18, '4', '13:00:00', '02:55:00', '15:55:00', '2023-05-05'),
(1082, 17, '4', '05:40:00', '02:55:00', '08:35:00', '2023-05-05'),
(1083, 16, '4', '18:30:00', '02:20:00', '20:50:00', '2023-05-05'),
(1084, 15, '4', '17:00:00', '02:20:00', '19:20:00', '2023-05-05'),
(1085, 14, '4', '14:00:00', '03:45:00', '17:45:00', '2023-05-05'),
(1086, 13, '4', '07:30:00', '03:45:00', '11:15:00', '2023-05-05'),
(1087, 12, '4', '15:35:00', '04:45:00', '20:20:00', '2023-05-05'),
(1088, 11, '4', '12:15:00', '02:20:00', '14:35:00', '2023-05-05'),
(1089, 10, '4', '19:30:00', '02:20:00', '21:50:00', '2023-05-05'),
(1090, 9, '4', '14:00:00', '04:45:00', '18:45:00', '2023-05-05'),
(1091, 36, '4', '08:00:00', '09:25:00', '17:25:00', '2023-05-05'),
(1092, 35, '4', '13:20:00', '09:25:00', '22:45:00', '2023-05-05'),
(1093, 34, '4', '02:00:00', '14:55:00', '16:55:00', '2023-05-05'),
(1094, 33, '4', '00:00:00', '14:55:00', '14:55:00', '2023-05-05'),
(1095, 8, '4', '07:35:00', '09:25:00', '17:00:00', '2023-05-05'),
(1096, 7, '4', '10:20:00', '09:25:00', '19:45:00', '2023-05-05'),
(1097, 6, '4', '12:15:00', '10:30:00', '22:45:00', '2023-05-05'),
(1098, 5, '4', '08:00:00', '10:30:00', '18:30:00', '2023-05-05'),
(1099, 4, '4', '17:30:00', '01:21:00', '18:51:00', '2023-05-05'),
(1100, 3, '4', '06:00:00', '10:46:00', '16:46:00', '2023-05-05'),
(1101, 2, '4', '08:30:00', '10:46:00', '19:16:00', '2023-05-05'),
(1102, 1, '4', '06:00:00', '01:21:00', '07:21:00', '2023-05-05'),
(1103, 32, '5', '13:15:00', '02:45:00', '16:00:00', '2023-05-06'),
(1104, 31, '5', '02:00:00', '10:15:00', '12:15:00', '2023-05-06'),
(1105, 30, '5', '04:00:00', '10:15:00', '14:15:00', '2023-05-06'),
(1106, 29, '5', '00:15:00', '02:45:00', '03:00:00', '2023-05-06'),
(1107, 28, '5', '13:00:00', '10:30:00', '23:30:00', '2023-05-06'),
(1108, 27, '5', '20:00:00', '10:30:00', '06:30:00', '2023-05-06'),
(1109, 26, '5', '05:00:00', '10:00:00', '15:00:00', '2023-05-06'),
(1110, 25, '5', '01:30:00', '10:00:00', '11:30:00', '2023-05-06'),
(1111, 24, '5', '10:00:00', '02:55:00', '12:55:00', '2023-05-06'),
(1112, 23, '5', '06:00:00', '02:55:00', '08:55:00', '2023-05-06'),
(1113, 22, '5', '15:00:00', '02:30:00', '17:30:00', '2023-05-06'),
(1114, 21, '5', '19:00:00', '02:30:00', '21:30:00', '2023-05-06'),
(1115, 20, '5', '12:15:00', '02:30:00', '14:45:00', '2023-05-06'),
(1116, 19, '5', '09:00:00', '02:30:00', '11:30:00', '2023-05-06'),
(1117, 18, '5', '13:00:00', '02:55:00', '15:55:00', '2023-05-06'),
(1118, 17, '5', '05:40:00', '02:55:00', '08:35:00', '2023-05-06'),
(1119, 16, '5', '18:30:00', '02:20:00', '20:50:00', '2023-05-06'),
(1120, 15, '5', '17:00:00', '02:20:00', '19:20:00', '2023-05-06'),
(1121, 14, '5', '14:00:00', '03:45:00', '17:45:00', '2023-05-06'),
(1122, 13, '5', '07:30:00', '03:45:00', '11:15:00', '2023-05-06'),
(1123, 12, '5', '15:35:00', '04:45:00', '20:20:00', '2023-05-06'),
(1124, 11, '5', '12:15:00', '02:20:00', '14:35:00', '2023-05-06'),
(1125, 10, '5', '19:30:00', '02:20:00', '21:50:00', '2023-05-06'),
(1126, 9, '5', '14:00:00', '04:45:00', '18:45:00', '2023-05-06'),
(1127, 36, '5', '08:00:00', '09:25:00', '17:25:00', '2023-05-06'),
(1128, 35, '5', '13:20:00', '09:25:00', '22:45:00', '2023-05-06'),
(1129, 34, '5', '02:00:00', '14:55:00', '16:55:00', '2023-05-06'),
(1130, 33, '5', '00:00:00', '14:55:00', '14:55:00', '2023-05-06'),
(1131, 8, '5', '07:35:00', '09:25:00', '17:00:00', '2023-05-06'),
(1132, 7, '5', '10:20:00', '09:25:00', '19:45:00', '2023-05-06'),
(1133, 6, '5', '12:15:00', '10:30:00', '22:45:00', '2023-05-06'),
(1134, 5, '5', '08:00:00', '10:30:00', '18:30:00', '2023-05-06'),
(1135, 4, '5', '17:30:00', '01:21:00', '18:51:00', '2023-05-06'),
(1136, 3, '5', '06:00:00', '10:46:00', '16:46:00', '2023-05-06'),
(1137, 2, '5', '08:30:00', '10:46:00', '19:16:00', '2023-05-06'),
(1138, 1, '5', '06:00:00', '01:21:00', '07:21:00', '2023-05-06'),
(1139, 32, '6', '13:15:00', '02:45:00', '16:00:00', '2023-05-07'),
(1140, 31, '6', '02:00:00', '10:15:00', '12:15:00', '2023-05-07'),
(1141, 30, '6', '04:00:00', '10:15:00', '14:15:00', '2023-05-07'),
(1142, 29, '6', '00:15:00', '02:45:00', '03:00:00', '2023-05-07'),
(1143, 28, '6', '13:00:00', '10:30:00', '23:30:00', '2023-05-07'),
(1144, 27, '6', '20:00:00', '10:30:00', '06:30:00', '2023-05-07'),
(1145, 26, '6', '05:00:00', '10:00:00', '15:00:00', '2023-05-07'),
(1146, 25, '6', '01:30:00', '10:00:00', '11:30:00', '2023-05-07'),
(1147, 24, '6', '10:00:00', '02:55:00', '12:55:00', '2023-05-07'),
(1148, 23, '6', '06:00:00', '02:55:00', '08:55:00', '2023-05-07'),
(1149, 22, '6', '15:00:00', '02:30:00', '17:30:00', '2023-05-07'),
(1150, 21, '6', '19:00:00', '02:30:00', '21:30:00', '2023-05-07'),
(1151, 20, '6', '12:15:00', '02:30:00', '14:45:00', '2023-05-07'),
(1152, 19, '6', '09:00:00', '02:30:00', '11:30:00', '2023-05-07'),
(1153, 18, '6', '13:00:00', '02:55:00', '15:55:00', '2023-05-07'),
(1154, 17, '6', '05:40:00', '02:55:00', '08:35:00', '2023-05-07'),
(1155, 16, '6', '18:30:00', '02:20:00', '20:50:00', '2023-05-07'),
(1156, 15, '6', '17:00:00', '02:20:00', '19:20:00', '2023-05-07'),
(1157, 14, '6', '14:00:00', '03:45:00', '17:45:00', '2023-05-07'),
(1158, 13, '6', '07:30:00', '03:45:00', '11:15:00', '2023-05-07'),
(1159, 12, '6', '15:35:00', '04:45:00', '20:20:00', '2023-05-07'),
(1160, 11, '6', '12:15:00', '02:20:00', '14:35:00', '2023-05-07'),
(1161, 10, '6', '19:30:00', '02:20:00', '21:50:00', '2023-05-07'),
(1162, 9, '6', '14:00:00', '04:45:00', '18:45:00', '2023-05-07'),
(1163, 36, '6', '08:00:00', '09:25:00', '17:25:00', '2023-05-07'),
(1164, 35, '6', '13:20:00', '09:25:00', '22:45:00', '2023-05-07'),
(1165, 34, '6', '02:00:00', '14:55:00', '16:55:00', '2023-05-07'),
(1166, 33, '6', '00:00:00', '14:55:00', '14:55:00', '2023-05-07'),
(1167, 8, '6', '07:35:00', '09:25:00', '17:00:00', '2023-05-07'),
(1168, 7, '6', '10:20:00', '09:25:00', '19:45:00', '2023-05-07'),
(1169, 6, '6', '12:15:00', '10:30:00', '22:45:00', '2023-05-07'),
(1170, 5, '6', '08:00:00', '10:30:00', '18:30:00', '2023-05-07'),
(1171, 4, '6', '17:30:00', '01:21:00', '18:51:00', '2023-05-07'),
(1172, 3, '6', '06:00:00', '10:46:00', '16:46:00', '2023-05-07'),
(1173, 2, '6', '08:30:00', '10:46:00', '19:16:00', '2023-05-07'),
(1174, 1, '6', '06:00:00', '01:21:00', '07:21:00', '2023-05-07'),
(1175, 32, '0', '13:15:00', '02:45:00', '16:00:00', '2023-05-08'),
(1176, 31, '0', '02:00:00', '10:15:00', '12:15:00', '2023-05-08'),
(1177, 30, '0', '04:00:00', '10:15:00', '14:15:00', '2023-05-08'),
(1178, 29, '0', '00:15:00', '02:45:00', '03:00:00', '2023-05-08'),
(1179, 28, '0', '13:00:00', '10:30:00', '23:30:00', '2023-05-08'),
(1180, 27, '0', '20:00:00', '10:30:00', '06:30:00', '2023-05-08'),
(1181, 26, '0', '05:00:00', '10:00:00', '15:00:00', '2023-05-08'),
(1182, 25, '0', '01:30:00', '10:00:00', '11:30:00', '2023-05-08'),
(1183, 24, '0', '10:00:00', '02:55:00', '12:55:00', '2023-05-08'),
(1184, 23, '0', '06:00:00', '02:55:00', '08:55:00', '2023-05-08'),
(1185, 22, '0', '15:00:00', '02:30:00', '17:30:00', '2023-05-08'),
(1186, 21, '0', '19:00:00', '02:30:00', '21:30:00', '2023-05-08'),
(1187, 20, '0', '12:15:00', '02:30:00', '14:45:00', '2023-05-08'),
(1188, 19, '0', '09:00:00', '02:30:00', '11:30:00', '2023-05-08'),
(1189, 18, '0', '13:00:00', '02:55:00', '15:55:00', '2023-05-08'),
(1190, 17, '0', '05:40:00', '02:55:00', '08:35:00', '2023-05-08'),
(1191, 16, '0', '18:30:00', '02:20:00', '20:50:00', '2023-05-08'),
(1192, 15, '0', '17:00:00', '02:20:00', '19:20:00', '2023-05-08'),
(1193, 14, '0', '14:00:00', '03:45:00', '17:45:00', '2023-05-08'),
(1194, 13, '0', '07:30:00', '03:45:00', '11:15:00', '2023-05-08'),
(1195, 12, '0', '15:35:00', '04:45:00', '20:20:00', '2023-05-08'),
(1196, 11, '0', '12:15:00', '02:20:00', '14:35:00', '2023-05-08'),
(1197, 10, '0', '19:30:00', '02:20:00', '21:50:00', '2023-05-08'),
(1198, 9, '0', '14:00:00', '04:45:00', '18:45:00', '2023-05-08'),
(1199, 36, '0', '08:00:00', '09:25:00', '17:25:00', '2023-05-08'),
(1200, 35, '0', '13:20:00', '09:25:00', '22:45:00', '2023-05-08'),
(1201, 34, '0', '02:00:00', '14:55:00', '16:55:00', '2023-05-08'),
(1202, 33, '0', '00:00:00', '14:55:00', '14:55:00', '2023-05-08'),
(1203, 8, '0', '07:35:00', '09:25:00', '17:00:00', '2023-05-08'),
(1204, 7, '0', '10:20:00', '09:25:00', '19:45:00', '2023-05-08'),
(1205, 6, '0', '12:15:00', '10:30:00', '22:45:00', '2023-05-08'),
(1206, 5, '0', '08:00:00', '10:30:00', '18:30:00', '2023-05-08'),
(1207, 4, '0', '17:30:00', '01:21:00', '18:51:00', '2023-05-08'),
(1208, 3, '0', '06:00:00', '10:46:00', '16:46:00', '2023-05-08'),
(1209, 2, '0', '08:30:00', '10:46:00', '19:16:00', '2023-05-08'),
(1210, 1, '0', '06:00:00', '01:21:00', '07:21:00', '2023-05-08'),
(1211, 32, '1', '13:15:00', '02:45:00', '16:00:00', '2023-05-09'),
(1212, 31, '1', '02:00:00', '10:15:00', '12:15:00', '2023-05-09'),
(1213, 30, '1', '04:00:00', '10:15:00', '14:15:00', '2023-05-09'),
(1214, 29, '1', '00:15:00', '02:45:00', '03:00:00', '2023-05-09'),
(1215, 28, '1', '13:00:00', '10:30:00', '23:30:00', '2023-05-09'),
(1216, 27, '1', '20:00:00', '10:30:00', '06:30:00', '2023-05-09'),
(1217, 26, '1', '05:00:00', '10:00:00', '15:00:00', '2023-05-09'),
(1218, 25, '1', '01:30:00', '10:00:00', '11:30:00', '2023-05-09'),
(1219, 24, '1', '10:00:00', '02:55:00', '12:55:00', '2023-05-09'),
(1220, 23, '1', '06:00:00', '02:55:00', '08:55:00', '2023-05-09'),
(1221, 22, '1', '15:00:00', '02:30:00', '17:30:00', '2023-05-09'),
(1222, 21, '1', '19:00:00', '02:30:00', '21:30:00', '2023-05-09'),
(1223, 20, '1', '12:15:00', '02:30:00', '14:45:00', '2023-05-09'),
(1224, 19, '1', '09:00:00', '02:30:00', '11:30:00', '2023-05-09'),
(1225, 18, '1', '13:00:00', '02:55:00', '15:55:00', '2023-05-09'),
(1226, 17, '1', '05:40:00', '02:55:00', '08:35:00', '2023-05-09'),
(1227, 16, '1', '18:30:00', '02:20:00', '20:50:00', '2023-05-09'),
(1228, 15, '1', '17:00:00', '02:20:00', '19:20:00', '2023-05-09'),
(1229, 14, '1', '14:00:00', '03:45:00', '17:45:00', '2023-05-09'),
(1230, 13, '1', '07:30:00', '03:45:00', '11:15:00', '2023-05-09'),
(1231, 12, '1', '15:35:00', '04:45:00', '20:20:00', '2023-05-09'),
(1232, 11, '1', '12:15:00', '02:20:00', '14:35:00', '2023-05-09'),
(1233, 10, '1', '19:30:00', '02:20:00', '21:50:00', '2023-05-09'),
(1234, 9, '1', '14:00:00', '04:45:00', '18:45:00', '2023-05-09'),
(1235, 36, '1', '08:00:00', '09:25:00', '17:25:00', '2023-05-09'),
(1236, 35, '1', '13:20:00', '09:25:00', '22:45:00', '2023-05-09'),
(1237, 34, '1', '02:00:00', '14:55:00', '16:55:00', '2023-05-09'),
(1238, 33, '1', '00:00:00', '14:55:00', '14:55:00', '2023-05-09'),
(1239, 8, '1', '07:35:00', '09:25:00', '17:00:00', '2023-05-09'),
(1240, 7, '1', '10:20:00', '09:25:00', '19:45:00', '2023-05-09'),
(1241, 6, '1', '12:15:00', '10:30:00', '22:45:00', '2023-05-09'),
(1242, 5, '1', '08:00:00', '10:30:00', '18:30:00', '2023-05-09'),
(1243, 4, '1', '17:30:00', '01:21:00', '18:51:00', '2023-05-09'),
(1244, 3, '1', '06:00:00', '10:46:00', '16:46:00', '2023-05-09'),
(1245, 2, '1', '08:30:00', '10:46:00', '19:16:00', '2023-05-09'),
(1246, 1, '1', '06:00:00', '01:21:00', '07:21:00', '2023-05-09'),
(1247, 32, '2', '13:15:00', '02:45:00', '16:00:00', '2023-05-10'),
(1248, 31, '2', '02:00:00', '10:15:00', '12:15:00', '2023-05-10'),
(1249, 30, '2', '04:00:00', '10:15:00', '14:15:00', '2023-05-10'),
(1250, 29, '2', '00:15:00', '02:45:00', '03:00:00', '2023-05-10'),
(1251, 28, '2', '13:00:00', '10:30:00', '23:30:00', '2023-05-10'),
(1252, 27, '2', '20:00:00', '10:30:00', '06:30:00', '2023-05-10'),
(1253, 26, '2', '05:00:00', '10:00:00', '15:00:00', '2023-05-10'),
(1254, 25, '2', '01:30:00', '10:00:00', '11:30:00', '2023-05-10'),
(1255, 24, '2', '10:00:00', '02:55:00', '12:55:00', '2023-05-10'),
(1256, 23, '2', '06:00:00', '02:55:00', '08:55:00', '2023-05-10'),
(1257, 22, '2', '15:00:00', '02:30:00', '17:30:00', '2023-05-10'),
(1258, 21, '2', '19:00:00', '02:30:00', '21:30:00', '2023-05-10'),
(1259, 20, '2', '12:15:00', '02:30:00', '14:45:00', '2023-05-10'),
(1260, 19, '2', '09:00:00', '02:30:00', '11:30:00', '2023-05-10'),
(1261, 18, '2', '13:00:00', '02:55:00', '15:55:00', '2023-05-10'),
(1262, 17, '2', '05:40:00', '02:55:00', '08:35:00', '2023-05-10'),
(1263, 16, '2', '18:30:00', '02:20:00', '20:50:00', '2023-05-10'),
(1264, 15, '2', '17:00:00', '02:20:00', '19:20:00', '2023-05-10'),
(1265, 14, '2', '14:00:00', '03:45:00', '17:45:00', '2023-05-10'),
(1266, 13, '2', '07:30:00', '03:45:00', '11:15:00', '2023-05-10'),
(1267, 12, '2', '15:35:00', '04:45:00', '20:20:00', '2023-05-10'),
(1268, 11, '2', '12:15:00', '02:20:00', '14:35:00', '2023-05-10'),
(1269, 10, '2', '19:30:00', '02:20:00', '21:50:00', '2023-05-10'),
(1270, 9, '2', '14:00:00', '04:45:00', '18:45:00', '2023-05-10'),
(1271, 36, '2', '08:00:00', '09:25:00', '17:25:00', '2023-05-10'),
(1272, 35, '2', '13:20:00', '09:25:00', '22:45:00', '2023-05-10'),
(1273, 34, '2', '02:00:00', '14:55:00', '16:55:00', '2023-05-10'),
(1274, 33, '2', '00:00:00', '14:55:00', '14:55:00', '2023-05-10'),
(1275, 8, '2', '07:35:00', '09:25:00', '17:00:00', '2023-05-10'),
(1276, 7, '2', '10:20:00', '09:25:00', '19:45:00', '2023-05-10'),
(1277, 6, '2', '12:15:00', '10:30:00', '22:45:00', '2023-05-10'),
(1278, 5, '2', '08:00:00', '10:30:00', '18:30:00', '2023-05-10'),
(1279, 4, '2', '17:30:00', '01:21:00', '18:51:00', '2023-05-10'),
(1280, 3, '2', '06:00:00', '10:46:00', '16:46:00', '2023-05-10'),
(1281, 2, '2', '08:30:00', '10:46:00', '19:16:00', '2023-05-10'),
(1282, 1, '2', '06:00:00', '01:21:00', '07:21:00', '2023-05-10'),
(1283, 32, '3', '13:15:00', '02:45:00', '16:00:00', '2023-05-11'),
(1284, 31, '3', '02:00:00', '10:15:00', '12:15:00', '2023-05-11'),
(1285, 30, '3', '04:00:00', '10:15:00', '14:15:00', '2023-05-11'),
(1286, 29, '3', '00:15:00', '02:45:00', '03:00:00', '2023-05-11'),
(1287, 28, '3', '13:00:00', '10:30:00', '23:30:00', '2023-05-11'),
(1288, 27, '3', '20:00:00', '10:30:00', '06:30:00', '2023-05-11'),
(1289, 26, '3', '05:00:00', '10:00:00', '15:00:00', '2023-05-11'),
(1290, 25, '3', '01:30:00', '10:00:00', '11:30:00', '2023-05-11'),
(1291, 24, '3', '10:00:00', '02:55:00', '12:55:00', '2023-05-11'),
(1292, 23, '3', '06:00:00', '02:55:00', '08:55:00', '2023-05-11'),
(1293, 22, '3', '15:00:00', '02:30:00', '17:30:00', '2023-05-11'),
(1294, 21, '3', '19:00:00', '02:30:00', '21:30:00', '2023-05-11'),
(1295, 20, '3', '12:15:00', '02:30:00', '14:45:00', '2023-05-11'),
(1296, 19, '3', '09:00:00', '02:30:00', '11:30:00', '2023-05-11'),
(1297, 18, '3', '13:00:00', '02:55:00', '15:55:00', '2023-05-11'),
(1298, 17, '3', '05:40:00', '02:55:00', '08:35:00', '2023-05-11'),
(1299, 16, '3', '18:30:00', '02:20:00', '20:50:00', '2023-05-11'),
(1300, 15, '3', '17:00:00', '02:20:00', '19:20:00', '2023-05-11'),
(1301, 14, '3', '14:00:00', '03:45:00', '17:45:00', '2023-05-11'),
(1302, 13, '3', '07:30:00', '03:45:00', '11:15:00', '2023-05-11'),
(1303, 12, '3', '15:35:00', '04:45:00', '20:20:00', '2023-05-11'),
(1304, 11, '3', '12:15:00', '02:20:00', '14:35:00', '2023-05-11'),
(1305, 10, '3', '19:30:00', '02:20:00', '21:50:00', '2023-05-11'),
(1306, 9, '3', '14:00:00', '04:45:00', '18:45:00', '2023-05-11'),
(1307, 36, '3', '08:00:00', '09:25:00', '17:25:00', '2023-05-11'),
(1308, 35, '3', '13:20:00', '09:25:00', '22:45:00', '2023-05-11'),
(1309, 34, '3', '02:00:00', '14:55:00', '16:55:00', '2023-05-11'),
(1310, 33, '3', '00:00:00', '14:55:00', '14:55:00', '2023-05-11'),
(1311, 8, '3', '07:35:00', '09:25:00', '17:00:00', '2023-05-11'),
(1312, 7, '3', '10:20:00', '09:25:00', '19:45:00', '2023-05-11'),
(1313, 6, '3', '12:15:00', '10:30:00', '22:45:00', '2023-05-11'),
(1314, 5, '3', '08:00:00', '10:30:00', '18:30:00', '2023-05-11'),
(1315, 4, '3', '17:30:00', '01:21:00', '18:51:00', '2023-05-11'),
(1316, 3, '3', '06:00:00', '10:46:00', '16:46:00', '2023-05-11'),
(1317, 2, '3', '08:30:00', '10:46:00', '19:16:00', '2023-05-11'),
(1318, 1, '3', '06:00:00', '01:21:00', '07:21:00', '2023-05-11'),
(1319, 32, '4', '13:15:00', '02:45:00', '16:00:00', '2023-05-12'),
(1320, 31, '4', '02:00:00', '10:15:00', '12:15:00', '2023-05-12'),
(1321, 30, '4', '04:00:00', '10:15:00', '14:15:00', '2023-05-12'),
(1322, 29, '4', '00:15:00', '02:45:00', '03:00:00', '2023-05-12'),
(1323, 28, '4', '13:00:00', '10:30:00', '23:30:00', '2023-05-12'),
(1324, 27, '4', '20:00:00', '10:30:00', '06:30:00', '2023-05-12'),
(1325, 26, '4', '05:00:00', '10:00:00', '15:00:00', '2023-05-12'),
(1326, 25, '4', '01:30:00', '10:00:00', '11:30:00', '2023-05-12'),
(1327, 24, '4', '10:00:00', '02:55:00', '12:55:00', '2023-05-12'),
(1328, 23, '4', '06:00:00', '02:55:00', '08:55:00', '2023-05-12'),
(1329, 22, '4', '15:00:00', '02:30:00', '17:30:00', '2023-05-12'),
(1330, 21, '4', '19:00:00', '02:30:00', '21:30:00', '2023-05-12'),
(1331, 20, '4', '12:15:00', '02:30:00', '14:45:00', '2023-05-12'),
(1332, 19, '4', '09:00:00', '02:30:00', '11:30:00', '2023-05-12'),
(1333, 18, '4', '13:00:00', '02:55:00', '15:55:00', '2023-05-12'),
(1334, 17, '4', '05:40:00', '02:55:00', '08:35:00', '2023-05-12'),
(1335, 16, '4', '18:30:00', '02:20:00', '20:50:00', '2023-05-12'),
(1336, 15, '4', '17:00:00', '02:20:00', '19:20:00', '2023-05-12'),
(1337, 14, '4', '14:00:00', '03:45:00', '17:45:00', '2023-05-12'),
(1338, 13, '4', '07:30:00', '03:45:00', '11:15:00', '2023-05-12'),
(1339, 12, '4', '15:35:00', '04:45:00', '20:20:00', '2023-05-12'),
(1340, 11, '4', '12:15:00', '02:20:00', '14:35:00', '2023-05-12'),
(1341, 10, '4', '19:30:00', '02:20:00', '21:50:00', '2023-05-12'),
(1342, 9, '4', '14:00:00', '04:45:00', '18:45:00', '2023-05-12'),
(1343, 36, '4', '08:00:00', '09:25:00', '17:25:00', '2023-05-12'),
(1344, 35, '4', '13:20:00', '09:25:00', '22:45:00', '2023-05-12'),
(1345, 34, '4', '02:00:00', '14:55:00', '16:55:00', '2023-05-12'),
(1346, 33, '4', '00:00:00', '14:55:00', '14:55:00', '2023-05-12'),
(1347, 8, '4', '07:35:00', '09:25:00', '17:00:00', '2023-05-12'),
(1348, 7, '4', '10:20:00', '09:25:00', '19:45:00', '2023-05-12'),
(1349, 6, '4', '12:15:00', '10:30:00', '22:45:00', '2023-05-12'),
(1350, 5, '4', '08:00:00', '10:30:00', '18:30:00', '2023-05-12'),
(1351, 4, '4', '17:30:00', '01:21:00', '18:51:00', '2023-05-12'),
(1352, 3, '4', '06:00:00', '10:46:00', '16:46:00', '2023-05-12'),
(1353, 2, '4', '08:30:00', '10:46:00', '19:16:00', '2023-05-12'),
(1354, 1, '4', '06:00:00', '01:21:00', '07:21:00', '2023-05-12'),
(1355, 32, '5', '13:15:00', '02:45:00', '16:00:00', '2023-05-13'),
(1356, 31, '5', '02:00:00', '10:15:00', '12:15:00', '2023-05-13'),
(1357, 30, '5', '04:00:00', '10:15:00', '14:15:00', '2023-05-13'),
(1358, 29, '5', '00:15:00', '02:45:00', '03:00:00', '2023-05-13'),
(1359, 28, '5', '13:00:00', '10:30:00', '23:30:00', '2023-05-13'),
(1360, 27, '5', '20:00:00', '10:30:00', '06:30:00', '2023-05-13'),
(1361, 26, '5', '05:00:00', '10:00:00', '15:00:00', '2023-05-13'),
(1362, 25, '5', '01:30:00', '10:00:00', '11:30:00', '2023-05-13'),
(1363, 24, '5', '10:00:00', '02:55:00', '12:55:00', '2023-05-13'),
(1364, 23, '5', '06:00:00', '02:55:00', '08:55:00', '2023-05-13'),
(1365, 22, '5', '15:00:00', '02:30:00', '17:30:00', '2023-05-13'),
(1366, 21, '5', '19:00:00', '02:30:00', '21:30:00', '2023-05-13'),
(1367, 20, '5', '12:15:00', '02:30:00', '14:45:00', '2023-05-13'),
(1368, 19, '5', '09:00:00', '02:30:00', '11:30:00', '2023-05-13'),
(1369, 18, '5', '13:00:00', '02:55:00', '15:55:00', '2023-05-13'),
(1370, 17, '5', '05:40:00', '02:55:00', '08:35:00', '2023-05-13'),
(1371, 16, '5', '18:30:00', '02:20:00', '20:50:00', '2023-05-13'),
(1372, 15, '5', '17:00:00', '02:20:00', '19:20:00', '2023-05-13'),
(1373, 14, '5', '14:00:00', '03:45:00', '17:45:00', '2023-05-13'),
(1374, 13, '5', '07:30:00', '03:45:00', '11:15:00', '2023-05-13'),
(1375, 12, '5', '15:35:00', '04:45:00', '20:20:00', '2023-05-13'),
(1376, 11, '5', '12:15:00', '02:20:00', '14:35:00', '2023-05-13'),
(1377, 10, '5', '19:30:00', '02:20:00', '21:50:00', '2023-05-13'),
(1378, 9, '5', '14:00:00', '04:45:00', '18:45:00', '2023-05-13'),
(1379, 36, '5', '08:00:00', '09:25:00', '17:25:00', '2023-05-13'),
(1380, 35, '5', '13:20:00', '09:25:00', '22:45:00', '2023-05-13'),
(1381, 34, '5', '02:00:00', '14:55:00', '16:55:00', '2023-05-13'),
(1382, 33, '5', '00:00:00', '14:55:00', '14:55:00', '2023-05-13'),
(1383, 8, '5', '07:35:00', '09:25:00', '17:00:00', '2023-05-13'),
(1384, 7, '5', '10:20:00', '09:25:00', '19:45:00', '2023-05-13'),
(1385, 6, '5', '12:15:00', '10:30:00', '22:45:00', '2023-05-13'),
(1386, 5, '5', '08:00:00', '10:30:00', '18:30:00', '2023-05-13'),
(1387, 4, '5', '17:30:00', '01:21:00', '18:51:00', '2023-05-13'),
(1388, 3, '5', '06:00:00', '10:46:00', '16:46:00', '2023-05-13'),
(1389, 2, '5', '08:30:00', '10:46:00', '19:16:00', '2023-05-13'),
(1390, 1, '5', '06:00:00', '01:21:00', '07:21:00', '2023-05-13'),
(1391, 32, '6', '13:15:00', '02:45:00', '16:00:00', '2023-05-14'),
(1392, 31, '6', '02:00:00', '10:15:00', '12:15:00', '2023-05-14'),
(1393, 30, '6', '04:00:00', '10:15:00', '14:15:00', '2023-05-14'),
(1394, 29, '6', '00:15:00', '02:45:00', '03:00:00', '2023-05-14'),
(1395, 28, '6', '13:00:00', '10:30:00', '23:30:00', '2023-05-14'),
(1396, 27, '6', '20:00:00', '10:30:00', '06:30:00', '2023-05-14'),
(1397, 26, '6', '05:00:00', '10:00:00', '15:00:00', '2023-05-14'),
(1398, 25, '6', '01:30:00', '10:00:00', '11:30:00', '2023-05-14'),
(1399, 24, '6', '10:00:00', '02:55:00', '12:55:00', '2023-05-14'),
(1400, 23, '6', '06:00:00', '02:55:00', '08:55:00', '2023-05-14'),
(1401, 22, '6', '15:00:00', '02:30:00', '17:30:00', '2023-05-14'),
(1402, 21, '6', '19:00:00', '02:30:00', '21:30:00', '2023-05-14'),
(1403, 20, '6', '12:15:00', '02:30:00', '14:45:00', '2023-05-14'),
(1404, 19, '6', '09:00:00', '02:30:00', '11:30:00', '2023-05-14'),
(1405, 18, '6', '13:00:00', '02:55:00', '15:55:00', '2023-05-14'),
(1406, 17, '6', '05:40:00', '02:55:00', '08:35:00', '2023-05-14'),
(1407, 16, '6', '18:30:00', '02:20:00', '20:50:00', '2023-05-14'),
(1408, 15, '6', '17:00:00', '02:20:00', '19:20:00', '2023-05-14'),
(1409, 14, '6', '14:00:00', '03:45:00', '17:45:00', '2023-05-14'),
(1410, 13, '6', '07:30:00', '03:45:00', '11:15:00', '2023-05-14'),
(1411, 12, '6', '15:35:00', '04:45:00', '20:20:00', '2023-05-14'),
(1412, 11, '6', '12:15:00', '02:20:00', '14:35:00', '2023-05-14'),
(1413, 10, '6', '19:30:00', '02:20:00', '21:50:00', '2023-05-14'),
(1414, 9, '6', '14:00:00', '04:45:00', '18:45:00', '2023-05-14'),
(1415, 36, '6', '08:00:00', '09:25:00', '17:25:00', '2023-05-14'),
(1416, 35, '6', '13:20:00', '09:25:00', '22:45:00', '2023-05-14'),
(1417, 34, '6', '02:00:00', '14:55:00', '16:55:00', '2023-05-14'),
(1418, 33, '6', '00:00:00', '14:55:00', '14:55:00', '2023-05-14'),
(1419, 8, '6', '07:35:00', '09:25:00', '17:00:00', '2023-05-14'),
(1420, 7, '6', '10:20:00', '09:25:00', '19:45:00', '2023-05-14'),
(1421, 6, '6', '12:15:00', '10:30:00', '22:45:00', '2023-05-14'),
(1422, 5, '6', '08:00:00', '10:30:00', '18:30:00', '2023-05-14'),
(1423, 4, '6', '17:30:00', '01:21:00', '18:51:00', '2023-05-14'),
(1424, 3, '6', '06:00:00', '10:46:00', '16:46:00', '2023-05-14'),
(1425, 2, '6', '08:30:00', '10:46:00', '19:16:00', '2023-05-14'),
(1426, 1, '6', '06:00:00', '01:21:00', '07:21:00', '2023-05-14'),
(1427, 32, '0', '13:15:00', '02:45:00', '16:00:00', '2023-05-15'),
(1428, 31, '0', '02:00:00', '10:15:00', '12:15:00', '2023-05-15'),
(1429, 30, '0', '04:00:00', '10:15:00', '14:15:00', '2023-05-15'),
(1430, 29, '0', '00:15:00', '02:45:00', '03:00:00', '2023-05-15'),
(1431, 28, '0', '13:00:00', '10:30:00', '23:30:00', '2023-05-15'),
(1432, 27, '0', '20:00:00', '10:30:00', '06:30:00', '2023-05-15'),
(1433, 26, '0', '05:00:00', '10:00:00', '15:00:00', '2023-05-15'),
(1434, 25, '0', '01:30:00', '10:00:00', '11:30:00', '2023-05-15'),
(1435, 24, '0', '10:00:00', '02:55:00', '12:55:00', '2023-05-15'),
(1436, 23, '0', '06:00:00', '02:55:00', '08:55:00', '2023-05-15'),
(1437, 22, '0', '15:00:00', '02:30:00', '17:30:00', '2023-05-15'),
(1438, 21, '0', '19:00:00', '02:30:00', '21:30:00', '2023-05-15'),
(1439, 20, '0', '12:15:00', '02:30:00', '14:45:00', '2023-05-15'),
(1440, 19, '0', '09:00:00', '02:30:00', '11:30:00', '2023-05-15'),
(1441, 18, '0', '13:00:00', '02:55:00', '15:55:00', '2023-05-15'),
(1442, 17, '0', '05:40:00', '02:55:00', '08:35:00', '2023-05-15'),
(1443, 16, '0', '18:30:00', '02:20:00', '20:50:00', '2023-05-15'),
(1444, 15, '0', '17:00:00', '02:20:00', '19:20:00', '2023-05-15'),
(1445, 14, '0', '14:00:00', '03:45:00', '17:45:00', '2023-05-15'),
(1446, 13, '0', '07:30:00', '03:45:00', '11:15:00', '2023-05-15'),
(1447, 12, '0', '15:35:00', '04:45:00', '20:20:00', '2023-05-15'),
(1448, 11, '0', '12:15:00', '02:20:00', '14:35:00', '2023-05-15'),
(1449, 10, '0', '19:30:00', '02:20:00', '21:50:00', '2023-05-15'),
(1450, 9, '0', '14:00:00', '04:45:00', '18:45:00', '2023-05-15'),
(1451, 36, '0', '08:00:00', '09:25:00', '17:25:00', '2023-05-15'),
(1452, 35, '0', '13:20:00', '09:25:00', '22:45:00', '2023-05-15'),
(1453, 34, '0', '02:00:00', '14:55:00', '16:55:00', '2023-05-15'),
(1454, 33, '0', '00:00:00', '14:55:00', '14:55:00', '2023-05-15'),
(1455, 8, '0', '07:35:00', '09:25:00', '17:00:00', '2023-05-15'),
(1456, 7, '0', '10:20:00', '09:25:00', '19:45:00', '2023-05-15'),
(1457, 6, '0', '12:15:00', '10:30:00', '22:45:00', '2023-05-15'),
(1458, 5, '0', '08:00:00', '10:30:00', '18:30:00', '2023-05-15'),
(1459, 4, '0', '17:30:00', '01:21:00', '18:51:00', '2023-05-15'),
(1460, 3, '0', '06:00:00', '10:46:00', '16:46:00', '2023-05-15'),
(1461, 2, '0', '08:30:00', '10:46:00', '19:16:00', '2023-05-15'),
(1462, 1, '0', '06:00:00', '01:21:00', '07:21:00', '2023-05-15'),
(1463, 32, '1', '13:15:00', '02:45:00', '16:00:00', '2023-05-16'),
(1464, 31, '1', '02:00:00', '10:15:00', '12:15:00', '2023-05-16'),
(1465, 30, '1', '04:00:00', '10:15:00', '14:15:00', '2023-05-16'),
(1466, 29, '1', '00:15:00', '02:45:00', '03:00:00', '2023-05-16'),
(1467, 28, '1', '13:00:00', '10:30:00', '23:30:00', '2023-05-16'),
(1468, 27, '1', '20:00:00', '10:30:00', '06:30:00', '2023-05-16'),
(1469, 26, '1', '05:00:00', '10:00:00', '15:00:00', '2023-05-16'),
(1470, 25, '1', '01:30:00', '10:00:00', '11:30:00', '2023-05-16'),
(1471, 24, '1', '10:00:00', '02:55:00', '12:55:00', '2023-05-16'),
(1472, 23, '1', '06:00:00', '02:55:00', '08:55:00', '2023-05-16'),
(1473, 22, '1', '15:00:00', '02:30:00', '17:30:00', '2023-05-16'),
(1474, 21, '1', '19:00:00', '02:30:00', '21:30:00', '2023-05-16'),
(1475, 20, '1', '12:15:00', '02:30:00', '14:45:00', '2023-05-16'),
(1476, 19, '1', '09:00:00', '02:30:00', '11:30:00', '2023-05-16'),
(1477, 18, '1', '13:00:00', '02:55:00', '15:55:00', '2023-05-16'),
(1478, 17, '1', '05:40:00', '02:55:00', '08:35:00', '2023-05-16'),
(1479, 16, '1', '18:30:00', '02:20:00', '20:50:00', '2023-05-16'),
(1480, 15, '1', '17:00:00', '02:20:00', '19:20:00', '2023-05-16'),
(1481, 14, '1', '14:00:00', '03:45:00', '17:45:00', '2023-05-16'),
(1482, 13, '1', '07:30:00', '03:45:00', '11:15:00', '2023-05-16'),
(1483, 12, '1', '15:35:00', '04:45:00', '20:20:00', '2023-05-16'),
(1484, 11, '1', '12:15:00', '02:20:00', '14:35:00', '2023-05-16'),
(1485, 10, '1', '19:30:00', '02:20:00', '21:50:00', '2023-05-16'),
(1486, 9, '1', '14:00:00', '04:45:00', '18:45:00', '2023-05-16'),
(1487, 36, '1', '08:00:00', '09:25:00', '17:25:00', '2023-05-16'),
(1488, 35, '1', '13:20:00', '09:25:00', '22:45:00', '2023-05-16'),
(1489, 34, '1', '02:00:00', '14:55:00', '16:55:00', '2023-05-16'),
(1490, 33, '1', '00:00:00', '14:55:00', '14:55:00', '2023-05-16'),
(1491, 8, '1', '07:35:00', '09:25:00', '17:00:00', '2023-05-16'),
(1492, 7, '1', '10:20:00', '09:25:00', '19:45:00', '2023-05-16'),
(1493, 6, '1', '12:15:00', '10:30:00', '22:45:00', '2023-05-16'),
(1494, 5, '1', '08:00:00', '10:30:00', '18:30:00', '2023-05-16'),
(1495, 4, '1', '17:30:00', '01:21:00', '18:51:00', '2023-05-16'),
(1496, 3, '1', '06:00:00', '10:46:00', '16:46:00', '2023-05-16'),
(1497, 2, '1', '08:30:00', '10:46:00', '19:16:00', '2023-05-16'),
(1498, 1, '1', '06:00:00', '01:21:00', '07:21:00', '2023-05-16'),
(1499, 32, '2', '13:15:00', '02:45:00', '16:00:00', '2023-05-17'),
(1500, 31, '2', '02:00:00', '10:15:00', '12:15:00', '2023-05-17'),
(1501, 30, '2', '04:00:00', '10:15:00', '14:15:00', '2023-05-17'),
(1502, 29, '2', '00:15:00', '02:45:00', '03:00:00', '2023-05-17'),
(1503, 28, '2', '13:00:00', '10:30:00', '23:30:00', '2023-05-17'),
(1504, 27, '2', '20:00:00', '10:30:00', '06:30:00', '2023-05-17'),
(1505, 26, '2', '05:00:00', '10:00:00', '15:00:00', '2023-05-17'),
(1506, 25, '2', '01:30:00', '10:00:00', '11:30:00', '2023-05-17'),
(1507, 24, '2', '10:00:00', '02:55:00', '12:55:00', '2023-05-17'),
(1508, 23, '2', '06:00:00', '02:55:00', '08:55:00', '2023-05-17'),
(1509, 22, '2', '15:00:00', '02:30:00', '17:30:00', '2023-05-17'),
(1510, 21, '2', '19:00:00', '02:30:00', '21:30:00', '2023-05-17'),
(1511, 20, '2', '12:15:00', '02:30:00', '14:45:00', '2023-05-17'),
(1512, 19, '2', '09:00:00', '02:30:00', '11:30:00', '2023-05-17'),
(1513, 18, '2', '13:00:00', '02:55:00', '15:55:00', '2023-05-17'),
(1514, 17, '2', '05:40:00', '02:55:00', '08:35:00', '2023-05-17'),
(1515, 16, '2', '18:30:00', '02:20:00', '20:50:00', '2023-05-17'),
(1516, 15, '2', '17:00:00', '02:20:00', '19:20:00', '2023-05-17'),
(1517, 14, '2', '14:00:00', '03:45:00', '17:45:00', '2023-05-17'),
(1518, 13, '2', '07:30:00', '03:45:00', '11:15:00', '2023-05-17'),
(1519, 12, '2', '15:35:00', '04:45:00', '20:20:00', '2023-05-17'),
(1520, 11, '2', '12:15:00', '02:20:00', '14:35:00', '2023-05-17'),
(1521, 10, '2', '19:30:00', '02:20:00', '21:50:00', '2023-05-17'),
(1522, 9, '2', '14:00:00', '04:45:00', '18:45:00', '2023-05-17'),
(1523, 36, '2', '08:00:00', '09:25:00', '17:25:00', '2023-05-17'),
(1524, 35, '2', '13:20:00', '09:25:00', '22:45:00', '2023-05-17'),
(1525, 34, '2', '02:00:00', '14:55:00', '16:55:00', '2023-05-17'),
(1526, 33, '2', '00:00:00', '14:55:00', '14:55:00', '2023-05-17'),
(1527, 8, '2', '07:35:00', '09:25:00', '17:00:00', '2023-05-17'),
(1528, 7, '2', '10:20:00', '09:25:00', '19:45:00', '2023-05-17'),
(1529, 6, '2', '12:15:00', '10:30:00', '22:45:00', '2023-05-17'),
(1530, 5, '2', '08:00:00', '10:30:00', '18:30:00', '2023-05-17'),
(1531, 4, '2', '17:30:00', '01:21:00', '18:51:00', '2023-05-17'),
(1532, 3, '2', '06:00:00', '10:46:00', '16:46:00', '2023-05-17'),
(1533, 2, '2', '08:30:00', '10:46:00', '19:16:00', '2023-05-17'),
(1534, 1, '2', '06:00:00', '01:21:00', '07:21:00', '2023-05-17'),
(1535, 32, '3', '13:15:00', '02:45:00', '16:00:00', '2023-05-18'),
(1536, 31, '3', '02:00:00', '10:15:00', '12:15:00', '2023-05-18'),
(1537, 30, '3', '04:00:00', '10:15:00', '14:15:00', '2023-05-18'),
(1538, 29, '3', '00:15:00', '02:45:00', '03:00:00', '2023-05-18'),
(1539, 28, '3', '13:00:00', '10:30:00', '23:30:00', '2023-05-18'),
(1540, 27, '3', '20:00:00', '10:30:00', '06:30:00', '2023-05-18'),
(1541, 26, '3', '05:00:00', '10:00:00', '15:00:00', '2023-05-18'),
(1542, 25, '3', '01:30:00', '10:00:00', '11:30:00', '2023-05-18'),
(1543, 24, '3', '10:00:00', '02:55:00', '12:55:00', '2023-05-18'),
(1544, 23, '3', '06:00:00', '02:55:00', '08:55:00', '2023-05-18'),
(1545, 22, '3', '15:00:00', '02:30:00', '17:30:00', '2023-05-18'),
(1546, 21, '3', '19:00:00', '02:30:00', '21:30:00', '2023-05-18'),
(1547, 20, '3', '12:15:00', '02:30:00', '14:45:00', '2023-05-18'),
(1548, 19, '3', '09:00:00', '02:30:00', '11:30:00', '2023-05-18'),
(1549, 18, '3', '13:00:00', '02:55:00', '15:55:00', '2023-05-18'),
(1550, 17, '3', '05:40:00', '02:55:00', '08:35:00', '2023-05-18'),
(1551, 16, '3', '18:30:00', '02:20:00', '20:50:00', '2023-05-18'),
(1552, 15, '3', '17:00:00', '02:20:00', '19:20:00', '2023-05-18'),
(1553, 14, '3', '14:00:00', '03:45:00', '17:45:00', '2023-05-18'),
(1554, 13, '3', '07:30:00', '03:45:00', '11:15:00', '2023-05-18'),
(1555, 12, '3', '15:35:00', '04:45:00', '20:20:00', '2023-05-18'),
(1556, 11, '3', '12:15:00', '02:20:00', '14:35:00', '2023-05-18'),
(1557, 10, '3', '19:30:00', '02:20:00', '21:50:00', '2023-05-18'),
(1558, 9, '3', '14:00:00', '04:45:00', '18:45:00', '2023-05-18'),
(1559, 36, '3', '08:00:00', '09:25:00', '17:25:00', '2023-05-18'),
(1560, 35, '3', '13:20:00', '09:25:00', '22:45:00', '2023-05-18'),
(1561, 34, '3', '02:00:00', '14:55:00', '16:55:00', '2023-05-18'),
(1562, 33, '3', '00:00:00', '14:55:00', '14:55:00', '2023-05-18'),
(1563, 8, '3', '07:35:00', '09:25:00', '17:00:00', '2023-05-18'),
(1564, 7, '3', '10:20:00', '09:25:00', '19:45:00', '2023-05-18'),
(1565, 6, '3', '12:15:00', '10:30:00', '22:45:00', '2023-05-18'),
(1566, 5, '3', '08:00:00', '10:30:00', '18:30:00', '2023-05-18'),
(1567, 4, '3', '17:30:00', '01:21:00', '18:51:00', '2023-05-18'),
(1568, 3, '3', '06:00:00', '10:46:00', '16:46:00', '2023-05-18'),
(1569, 2, '3', '08:30:00', '10:46:00', '19:16:00', '2023-05-18'),
(1570, 1, '3', '06:00:00', '01:21:00', '07:21:00', '2023-05-18'),
(1571, 32, '4', '13:15:00', '02:45:00', '16:00:00', '2023-05-19'),
(1572, 31, '4', '02:00:00', '10:15:00', '12:15:00', '2023-05-19'),
(1573, 30, '4', '04:00:00', '10:15:00', '14:15:00', '2023-05-19'),
(1574, 29, '4', '00:15:00', '02:45:00', '03:00:00', '2023-05-19'),
(1575, 28, '4', '13:00:00', '10:30:00', '23:30:00', '2023-05-19'),
(1576, 27, '4', '20:00:00', '10:30:00', '06:30:00', '2023-05-19'),
(1577, 26, '4', '05:00:00', '10:00:00', '15:00:00', '2023-05-19'),
(1578, 25, '4', '01:30:00', '10:00:00', '11:30:00', '2023-05-19');
INSERT INTO `scheduled_flight` (`schedule_record`, `flight_record`, `weekdays`, `departure_time`, `duration`, `arrival_time`, `flight_date`) VALUES
(1579, 24, '4', '10:00:00', '02:55:00', '12:55:00', '2023-05-19'),
(1580, 23, '4', '06:00:00', '02:55:00', '08:55:00', '2023-05-19'),
(1581, 22, '4', '15:00:00', '02:30:00', '17:30:00', '2023-05-19'),
(1582, 21, '4', '19:00:00', '02:30:00', '21:30:00', '2023-05-19'),
(1583, 20, '4', '12:15:00', '02:30:00', '14:45:00', '2023-05-19'),
(1584, 19, '4', '09:00:00', '02:30:00', '11:30:00', '2023-05-19'),
(1585, 18, '4', '13:00:00', '02:55:00', '15:55:00', '2023-05-19'),
(1586, 17, '4', '05:40:00', '02:55:00', '08:35:00', '2023-05-19'),
(1587, 16, '4', '18:30:00', '02:20:00', '20:50:00', '2023-05-19'),
(1588, 15, '4', '17:00:00', '02:20:00', '19:20:00', '2023-05-19'),
(1589, 14, '4', '14:00:00', '03:45:00', '17:45:00', '2023-05-19'),
(1590, 13, '4', '07:30:00', '03:45:00', '11:15:00', '2023-05-19'),
(1591, 12, '4', '15:35:00', '04:45:00', '20:20:00', '2023-05-19'),
(1592, 11, '4', '12:15:00', '02:20:00', '14:35:00', '2023-05-19'),
(1593, 10, '4', '19:30:00', '02:20:00', '21:50:00', '2023-05-19'),
(1594, 9, '4', '14:00:00', '04:45:00', '18:45:00', '2023-05-19'),
(1595, 36, '4', '08:00:00', '09:25:00', '17:25:00', '2023-05-19'),
(1596, 35, '4', '13:20:00', '09:25:00', '22:45:00', '2023-05-19'),
(1597, 34, '4', '02:00:00', '14:55:00', '16:55:00', '2023-05-19'),
(1598, 33, '4', '00:00:00', '14:55:00', '14:55:00', '2023-05-19'),
(1599, 8, '4', '07:35:00', '09:25:00', '17:00:00', '2023-05-19'),
(1600, 7, '4', '10:20:00', '09:25:00', '19:45:00', '2023-05-19'),
(1601, 6, '4', '12:15:00', '10:30:00', '22:45:00', '2023-05-19'),
(1602, 5, '4', '08:00:00', '10:30:00', '18:30:00', '2023-05-19'),
(1603, 4, '4', '17:30:00', '01:21:00', '18:51:00', '2023-05-19'),
(1604, 3, '4', '06:00:00', '10:46:00', '16:46:00', '2023-05-19'),
(1605, 2, '4', '08:30:00', '10:46:00', '19:16:00', '2023-05-19'),
(1606, 1, '4', '06:00:00', '01:21:00', '07:21:00', '2023-05-19'),
(1607, 32, '5', '13:15:00', '02:45:00', '16:00:00', '2023-05-20'),
(1608, 31, '5', '02:00:00', '10:15:00', '12:15:00', '2023-05-20'),
(1609, 30, '5', '04:00:00', '10:15:00', '14:15:00', '2023-05-20'),
(1610, 29, '5', '00:15:00', '02:45:00', '03:00:00', '2023-05-20'),
(1611, 28, '5', '13:00:00', '10:30:00', '23:30:00', '2023-05-20'),
(1612, 27, '5', '20:00:00', '10:30:00', '06:30:00', '2023-05-20'),
(1613, 26, '5', '05:00:00', '10:00:00', '15:00:00', '2023-05-20'),
(1614, 25, '5', '01:30:00', '10:00:00', '11:30:00', '2023-05-20'),
(1615, 24, '5', '10:00:00', '02:55:00', '12:55:00', '2023-05-20'),
(1616, 23, '5', '06:00:00', '02:55:00', '08:55:00', '2023-05-20'),
(1617, 22, '5', '15:00:00', '02:30:00', '17:30:00', '2023-05-20'),
(1618, 21, '5', '19:00:00', '02:30:00', '21:30:00', '2023-05-20'),
(1619, 20, '5', '12:15:00', '02:30:00', '14:45:00', '2023-05-20'),
(1620, 19, '5', '09:00:00', '02:30:00', '11:30:00', '2023-05-20'),
(1621, 18, '5', '13:00:00', '02:55:00', '15:55:00', '2023-05-20'),
(1622, 17, '5', '05:40:00', '02:55:00', '08:35:00', '2023-05-20'),
(1623, 16, '5', '18:30:00', '02:20:00', '20:50:00', '2023-05-20'),
(1624, 15, '5', '17:00:00', '02:20:00', '19:20:00', '2023-05-20'),
(1625, 14, '5', '14:00:00', '03:45:00', '17:45:00', '2023-05-20'),
(1626, 13, '5', '07:30:00', '03:45:00', '11:15:00', '2023-05-20'),
(1627, 12, '5', '15:35:00', '04:45:00', '20:20:00', '2023-05-20'),
(1628, 11, '5', '12:15:00', '02:20:00', '14:35:00', '2023-05-20'),
(1629, 10, '5', '19:30:00', '02:20:00', '21:50:00', '2023-05-20'),
(1630, 9, '5', '14:00:00', '04:45:00', '18:45:00', '2023-05-20'),
(1631, 36, '5', '08:00:00', '09:25:00', '17:25:00', '2023-05-20'),
(1632, 35, '5', '13:20:00', '09:25:00', '22:45:00', '2023-05-20'),
(1633, 34, '5', '02:00:00', '14:55:00', '16:55:00', '2023-05-20'),
(1634, 33, '5', '00:00:00', '14:55:00', '14:55:00', '2023-05-20'),
(1635, 8, '5', '07:35:00', '09:25:00', '17:00:00', '2023-05-20'),
(1636, 7, '5', '10:20:00', '09:25:00', '19:45:00', '2023-05-20'),
(1637, 6, '5', '12:15:00', '10:30:00', '22:45:00', '2023-05-20'),
(1638, 5, '5', '08:00:00', '10:30:00', '18:30:00', '2023-05-20'),
(1639, 4, '5', '17:30:00', '01:21:00', '18:51:00', '2023-05-20'),
(1640, 3, '5', '06:00:00', '10:46:00', '16:46:00', '2023-05-20'),
(1641, 2, '5', '08:30:00', '10:46:00', '19:16:00', '2023-05-20'),
(1642, 1, '5', '06:00:00', '01:21:00', '07:21:00', '2023-05-20'),
(1643, 32, '6', '13:15:00', '02:45:00', '16:00:00', '2023-05-21'),
(1644, 31, '6', '02:00:00', '10:15:00', '12:15:00', '2023-05-21'),
(1645, 30, '6', '04:00:00', '10:15:00', '14:15:00', '2023-05-21'),
(1646, 29, '6', '00:15:00', '02:45:00', '03:00:00', '2023-05-21'),
(1647, 28, '6', '13:00:00', '10:30:00', '23:30:00', '2023-05-21'),
(1648, 27, '6', '20:00:00', '10:30:00', '06:30:00', '2023-05-21'),
(1649, 26, '6', '05:00:00', '10:00:00', '15:00:00', '2023-05-21'),
(1650, 25, '6', '01:30:00', '10:00:00', '11:30:00', '2023-05-21'),
(1651, 24, '6', '10:00:00', '02:55:00', '12:55:00', '2023-05-21'),
(1652, 23, '6', '06:00:00', '02:55:00', '08:55:00', '2023-05-21'),
(1653, 22, '6', '15:00:00', '02:30:00', '17:30:00', '2023-05-21'),
(1654, 21, '6', '19:00:00', '02:30:00', '21:30:00', '2023-05-21'),
(1655, 20, '6', '12:15:00', '02:30:00', '14:45:00', '2023-05-21'),
(1656, 19, '6', '09:00:00', '02:30:00', '11:30:00', '2023-05-21'),
(1657, 18, '6', '13:00:00', '02:55:00', '15:55:00', '2023-05-21'),
(1658, 17, '6', '05:40:00', '02:55:00', '08:35:00', '2023-05-21'),
(1659, 16, '6', '18:30:00', '02:20:00', '20:50:00', '2023-05-21'),
(1660, 15, '6', '17:00:00', '02:20:00', '19:20:00', '2023-05-21'),
(1661, 14, '6', '14:00:00', '03:45:00', '17:45:00', '2023-05-21'),
(1662, 13, '6', '07:30:00', '03:45:00', '11:15:00', '2023-05-21'),
(1663, 12, '6', '15:35:00', '04:45:00', '20:20:00', '2023-05-21'),
(1664, 11, '6', '12:15:00', '02:20:00', '14:35:00', '2023-05-21'),
(1665, 10, '6', '19:30:00', '02:20:00', '21:50:00', '2023-05-21'),
(1666, 9, '6', '14:00:00', '04:45:00', '18:45:00', '2023-05-21'),
(1667, 36, '6', '08:00:00', '09:25:00', '17:25:00', '2023-05-21'),
(1668, 35, '6', '13:20:00', '09:25:00', '22:45:00', '2023-05-21'),
(1669, 34, '6', '02:00:00', '14:55:00', '16:55:00', '2023-05-21'),
(1670, 33, '6', '00:00:00', '14:55:00', '14:55:00', '2023-05-21'),
(1671, 8, '6', '07:35:00', '09:25:00', '17:00:00', '2023-05-21'),
(1672, 7, '6', '10:20:00', '09:25:00', '19:45:00', '2023-05-21'),
(1673, 6, '6', '12:15:00', '10:30:00', '22:45:00', '2023-05-21'),
(1674, 5, '6', '08:00:00', '10:30:00', '18:30:00', '2023-05-21'),
(1675, 4, '6', '17:30:00', '01:21:00', '18:51:00', '2023-05-21'),
(1676, 3, '6', '06:00:00', '10:46:00', '16:46:00', '2023-05-21'),
(1677, 2, '6', '08:30:00', '10:46:00', '19:16:00', '2023-05-21'),
(1678, 1, '6', '06:00:00', '01:21:00', '07:21:00', '2023-05-21'),
(1679, 32, '0', '13:15:00', '02:45:00', '16:00:00', '2023-05-22'),
(1680, 31, '0', '02:00:00', '10:15:00', '12:15:00', '2023-05-22'),
(1681, 30, '0', '04:00:00', '10:15:00', '14:15:00', '2023-05-22'),
(1682, 29, '0', '00:15:00', '02:45:00', '03:00:00', '2023-05-22'),
(1683, 28, '0', '13:00:00', '10:30:00', '23:30:00', '2023-05-22'),
(1684, 27, '0', '20:00:00', '10:30:00', '06:30:00', '2023-05-22'),
(1685, 26, '0', '05:00:00', '10:00:00', '15:00:00', '2023-05-22'),
(1686, 25, '0', '01:30:00', '10:00:00', '11:30:00', '2023-05-22'),
(1687, 24, '0', '10:00:00', '02:55:00', '12:55:00', '2023-05-22'),
(1688, 23, '0', '06:00:00', '02:55:00', '08:55:00', '2023-05-22'),
(1689, 22, '0', '15:00:00', '02:30:00', '17:30:00', '2023-05-22'),
(1690, 21, '0', '19:00:00', '02:30:00', '21:30:00', '2023-05-22'),
(1691, 20, '0', '12:15:00', '02:30:00', '14:45:00', '2023-05-22'),
(1692, 19, '0', '09:00:00', '02:30:00', '11:30:00', '2023-05-22'),
(1693, 18, '0', '13:00:00', '02:55:00', '15:55:00', '2023-05-22'),
(1694, 17, '0', '05:40:00', '02:55:00', '08:35:00', '2023-05-22'),
(1695, 16, '0', '18:30:00', '02:20:00', '20:50:00', '2023-05-22'),
(1696, 15, '0', '17:00:00', '02:20:00', '19:20:00', '2023-05-22'),
(1697, 14, '0', '14:00:00', '03:45:00', '17:45:00', '2023-05-22'),
(1698, 13, '0', '07:30:00', '03:45:00', '11:15:00', '2023-05-22'),
(1699, 12, '0', '15:35:00', '04:45:00', '20:20:00', '2023-05-22'),
(1700, 11, '0', '12:15:00', '02:20:00', '14:35:00', '2023-05-22'),
(1701, 10, '0', '19:30:00', '02:20:00', '21:50:00', '2023-05-22'),
(1702, 9, '0', '14:00:00', '04:45:00', '18:45:00', '2023-05-22'),
(1703, 36, '0', '08:00:00', '09:25:00', '17:25:00', '2023-05-22'),
(1704, 35, '0', '13:20:00', '09:25:00', '22:45:00', '2023-05-22'),
(1705, 34, '0', '02:00:00', '14:55:00', '16:55:00', '2023-05-22'),
(1706, 33, '0', '00:00:00', '14:55:00', '14:55:00', '2023-05-22'),
(1707, 8, '0', '07:35:00', '09:25:00', '17:00:00', '2023-05-22'),
(1708, 7, '0', '10:20:00', '09:25:00', '19:45:00', '2023-05-22'),
(1709, 6, '0', '12:15:00', '10:30:00', '22:45:00', '2023-05-22'),
(1710, 5, '0', '08:00:00', '10:30:00', '18:30:00', '2023-05-22'),
(1711, 4, '0', '17:30:00', '01:21:00', '18:51:00', '2023-05-22'),
(1712, 3, '0', '06:00:00', '10:46:00', '16:46:00', '2023-05-22'),
(1713, 2, '0', '08:30:00', '10:46:00', '19:16:00', '2023-05-22'),
(1714, 1, '0', '06:00:00', '01:21:00', '07:21:00', '2023-05-22'),
(1715, 32, '1', '13:15:00', '02:45:00', '16:00:00', '2023-05-23'),
(1716, 31, '1', '02:00:00', '10:15:00', '12:15:00', '2023-05-23'),
(1717, 30, '1', '04:00:00', '10:15:00', '14:15:00', '2023-05-23'),
(1718, 29, '1', '00:15:00', '02:45:00', '03:00:00', '2023-05-23'),
(1719, 28, '1', '13:00:00', '10:30:00', '23:30:00', '2023-05-23'),
(1720, 27, '1', '20:00:00', '10:30:00', '06:30:00', '2023-05-23'),
(1721, 26, '1', '05:00:00', '10:00:00', '15:00:00', '2023-05-23'),
(1722, 25, '1', '01:30:00', '10:00:00', '11:30:00', '2023-05-23'),
(1723, 24, '1', '10:00:00', '02:55:00', '12:55:00', '2023-05-23'),
(1724, 23, '1', '06:00:00', '02:55:00', '08:55:00', '2023-05-23'),
(1725, 22, '1', '15:00:00', '02:30:00', '17:30:00', '2023-05-23'),
(1726, 21, '1', '19:00:00', '02:30:00', '21:30:00', '2023-05-23'),
(1727, 20, '1', '12:15:00', '02:30:00', '14:45:00', '2023-05-23'),
(1728, 19, '1', '09:00:00', '02:30:00', '11:30:00', '2023-05-23'),
(1729, 18, '1', '13:00:00', '02:55:00', '15:55:00', '2023-05-23'),
(1730, 17, '1', '05:40:00', '02:55:00', '08:35:00', '2023-05-23'),
(1731, 16, '1', '18:30:00', '02:20:00', '20:50:00', '2023-05-23'),
(1732, 15, '1', '17:00:00', '02:20:00', '19:20:00', '2023-05-23'),
(1733, 14, '1', '14:00:00', '03:45:00', '17:45:00', '2023-05-23'),
(1734, 13, '1', '07:30:00', '03:45:00', '11:15:00', '2023-05-23'),
(1735, 12, '1', '15:35:00', '04:45:00', '20:20:00', '2023-05-23'),
(1736, 11, '1', '12:15:00', '02:20:00', '14:35:00', '2023-05-23'),
(1737, 10, '1', '19:30:00', '02:20:00', '21:50:00', '2023-05-23'),
(1738, 9, '1', '14:00:00', '04:45:00', '18:45:00', '2023-05-23'),
(1739, 36, '1', '08:00:00', '09:25:00', '17:25:00', '2023-05-23'),
(1740, 35, '1', '13:20:00', '09:25:00', '22:45:00', '2023-05-23'),
(1741, 34, '1', '02:00:00', '14:55:00', '16:55:00', '2023-05-23'),
(1742, 33, '1', '00:00:00', '14:55:00', '14:55:00', '2023-05-23'),
(1743, 8, '1', '07:35:00', '09:25:00', '17:00:00', '2023-05-23'),
(1744, 7, '1', '10:20:00', '09:25:00', '19:45:00', '2023-05-23'),
(1745, 6, '1', '12:15:00', '10:30:00', '22:45:00', '2023-05-23'),
(1746, 5, '1', '08:00:00', '10:30:00', '18:30:00', '2023-05-23'),
(1747, 4, '1', '17:30:00', '01:21:00', '18:51:00', '2023-05-23'),
(1748, 3, '1', '06:00:00', '10:46:00', '16:46:00', '2023-05-23'),
(1749, 2, '1', '08:30:00', '10:46:00', '19:16:00', '2023-05-23'),
(1750, 1, '1', '06:00:00', '01:21:00', '07:21:00', '2023-05-23'),
(1751, 32, '2', '13:15:00', '02:45:00', '16:00:00', '2023-05-24'),
(1752, 31, '2', '02:00:00', '10:15:00', '12:15:00', '2023-05-24'),
(1753, 30, '2', '04:00:00', '10:15:00', '14:15:00', '2023-05-24'),
(1754, 29, '2', '00:15:00', '02:45:00', '03:00:00', '2023-05-24'),
(1755, 28, '2', '13:00:00', '10:30:00', '23:30:00', '2023-05-24'),
(1756, 27, '2', '20:00:00', '10:30:00', '06:30:00', '2023-05-24'),
(1757, 26, '2', '05:00:00', '10:00:00', '15:00:00', '2023-05-24'),
(1758, 25, '2', '01:30:00', '10:00:00', '11:30:00', '2023-05-24'),
(1759, 24, '2', '10:00:00', '02:55:00', '12:55:00', '2023-05-24'),
(1760, 23, '2', '06:00:00', '02:55:00', '08:55:00', '2023-05-24'),
(1761, 22, '2', '15:00:00', '02:30:00', '17:30:00', '2023-05-24'),
(1762, 21, '2', '19:00:00', '02:30:00', '21:30:00', '2023-05-24'),
(1763, 20, '2', '12:15:00', '02:30:00', '14:45:00', '2023-05-24'),
(1764, 19, '2', '09:00:00', '02:30:00', '11:30:00', '2023-05-24'),
(1765, 18, '2', '13:00:00', '02:55:00', '15:55:00', '2023-05-24'),
(1766, 17, '2', '05:40:00', '02:55:00', '08:35:00', '2023-05-24'),
(1767, 16, '2', '18:30:00', '02:20:00', '20:50:00', '2023-05-24'),
(1768, 15, '2', '17:00:00', '02:20:00', '19:20:00', '2023-05-24'),
(1769, 14, '2', '14:00:00', '03:45:00', '17:45:00', '2023-05-24'),
(1770, 13, '2', '07:30:00', '03:45:00', '11:15:00', '2023-05-24'),
(1771, 12, '2', '15:35:00', '04:45:00', '20:20:00', '2023-05-24'),
(1772, 11, '2', '12:15:00', '02:20:00', '14:35:00', '2023-05-24'),
(1773, 10, '2', '19:30:00', '02:20:00', '21:50:00', '2023-05-24'),
(1774, 9, '2', '14:00:00', '04:45:00', '18:45:00', '2023-05-24'),
(1775, 36, '2', '08:00:00', '09:25:00', '17:25:00', '2023-05-24'),
(1776, 35, '2', '13:20:00', '09:25:00', '22:45:00', '2023-05-24'),
(1777, 34, '2', '02:00:00', '14:55:00', '16:55:00', '2023-05-24'),
(1778, 33, '2', '00:00:00', '14:55:00', '14:55:00', '2023-05-24'),
(1779, 8, '2', '07:35:00', '09:25:00', '17:00:00', '2023-05-24'),
(1780, 7, '2', '10:20:00', '09:25:00', '19:45:00', '2023-05-24'),
(1781, 6, '2', '12:15:00', '10:30:00', '22:45:00', '2023-05-24'),
(1782, 5, '2', '08:00:00', '10:30:00', '18:30:00', '2023-05-24'),
(1783, 4, '2', '17:30:00', '01:21:00', '18:51:00', '2023-05-24'),
(1784, 3, '2', '06:00:00', '10:46:00', '16:46:00', '2023-05-24'),
(1785, 2, '2', '08:30:00', '10:46:00', '19:16:00', '2023-05-24'),
(1786, 1, '2', '06:00:00', '01:21:00', '07:21:00', '2023-05-24'),
(1787, 32, '3', '13:15:00', '02:45:00', '16:00:00', '2023-05-25'),
(1788, 31, '3', '02:00:00', '10:15:00', '12:15:00', '2023-05-25'),
(1789, 30, '3', '04:00:00', '10:15:00', '14:15:00', '2023-05-25'),
(1790, 29, '3', '00:15:00', '02:45:00', '03:00:00', '2023-05-25'),
(1791, 28, '3', '13:00:00', '10:30:00', '23:30:00', '2023-05-25'),
(1792, 27, '3', '20:00:00', '10:30:00', '06:30:00', '2023-05-25'),
(1793, 26, '3', '05:00:00', '10:00:00', '15:00:00', '2023-05-25'),
(1794, 25, '3', '01:30:00', '10:00:00', '11:30:00', '2023-05-25'),
(1795, 24, '3', '10:00:00', '02:55:00', '12:55:00', '2023-05-25'),
(1796, 23, '3', '06:00:00', '02:55:00', '08:55:00', '2023-05-25'),
(1797, 22, '3', '15:00:00', '02:30:00', '17:30:00', '2023-05-25'),
(1798, 21, '3', '19:00:00', '02:30:00', '21:30:00', '2023-05-25'),
(1799, 20, '3', '12:15:00', '02:30:00', '14:45:00', '2023-05-25'),
(1800, 19, '3', '09:00:00', '02:30:00', '11:30:00', '2023-05-25'),
(1801, 18, '3', '13:00:00', '02:55:00', '15:55:00', '2023-05-25'),
(1802, 17, '3', '05:40:00', '02:55:00', '08:35:00', '2023-05-25'),
(1803, 16, '3', '18:30:00', '02:20:00', '20:50:00', '2023-05-25'),
(1804, 15, '3', '17:00:00', '02:20:00', '19:20:00', '2023-05-25'),
(1805, 14, '3', '14:00:00', '03:45:00', '17:45:00', '2023-05-25'),
(1806, 13, '3', '07:30:00', '03:45:00', '11:15:00', '2023-05-25'),
(1807, 12, '3', '15:35:00', '04:45:00', '20:20:00', '2023-05-25'),
(1808, 11, '3', '12:15:00', '02:20:00', '14:35:00', '2023-05-25'),
(1809, 10, '3', '19:30:00', '02:20:00', '21:50:00', '2023-05-25'),
(1810, 9, '3', '14:00:00', '04:45:00', '18:45:00', '2023-05-25'),
(1811, 36, '3', '08:00:00', '09:25:00', '17:25:00', '2023-05-25'),
(1812, 35, '3', '13:20:00', '09:25:00', '22:45:00', '2023-05-25'),
(1813, 34, '3', '02:00:00', '14:55:00', '16:55:00', '2023-05-25'),
(1814, 33, '3', '00:00:00', '14:55:00', '14:55:00', '2023-05-25'),
(1815, 8, '3', '07:35:00', '09:25:00', '17:00:00', '2023-05-25'),
(1816, 7, '3', '10:20:00', '09:25:00', '19:45:00', '2023-05-25'),
(1817, 6, '3', '12:15:00', '10:30:00', '22:45:00', '2023-05-25'),
(1818, 5, '3', '08:00:00', '10:30:00', '18:30:00', '2023-05-25'),
(1819, 4, '3', '17:30:00', '01:21:00', '18:51:00', '2023-05-25'),
(1820, 3, '3', '06:00:00', '10:46:00', '16:46:00', '2023-05-25'),
(1821, 2, '3', '08:30:00', '10:46:00', '19:16:00', '2023-05-25'),
(1822, 1, '3', '06:00:00', '01:21:00', '07:21:00', '2023-05-25'),
(1823, 32, '4', '13:15:00', '02:45:00', '16:00:00', '2023-05-26'),
(1824, 31, '4', '02:00:00', '10:15:00', '12:15:00', '2023-05-26'),
(1825, 30, '4', '04:00:00', '10:15:00', '14:15:00', '2023-05-26'),
(1826, 29, '4', '00:15:00', '02:45:00', '03:00:00', '2023-05-26'),
(1827, 28, '4', '13:00:00', '10:30:00', '23:30:00', '2023-05-26'),
(1828, 27, '4', '20:00:00', '10:30:00', '06:30:00', '2023-05-26'),
(1829, 26, '4', '05:00:00', '10:00:00', '15:00:00', '2023-05-26'),
(1830, 25, '4', '01:30:00', '10:00:00', '11:30:00', '2023-05-26'),
(1831, 24, '4', '10:00:00', '02:55:00', '12:55:00', '2023-05-26'),
(1832, 23, '4', '06:00:00', '02:55:00', '08:55:00', '2023-05-26'),
(1833, 22, '4', '15:00:00', '02:30:00', '17:30:00', '2023-05-26'),
(1834, 21, '4', '19:00:00', '02:30:00', '21:30:00', '2023-05-26'),
(1835, 20, '4', '12:15:00', '02:30:00', '14:45:00', '2023-05-26'),
(1836, 19, '4', '09:00:00', '02:30:00', '11:30:00', '2023-05-26'),
(1837, 18, '4', '13:00:00', '02:55:00', '15:55:00', '2023-05-26'),
(1838, 17, '4', '05:40:00', '02:55:00', '08:35:00', '2023-05-26'),
(1839, 16, '4', '18:30:00', '02:20:00', '20:50:00', '2023-05-26'),
(1840, 15, '4', '17:00:00', '02:20:00', '19:20:00', '2023-05-26'),
(1841, 14, '4', '14:00:00', '03:45:00', '17:45:00', '2023-05-26'),
(1842, 13, '4', '07:30:00', '03:45:00', '11:15:00', '2023-05-26'),
(1843, 12, '4', '15:35:00', '04:45:00', '20:20:00', '2023-05-26'),
(1844, 11, '4', '12:15:00', '02:20:00', '14:35:00', '2023-05-26'),
(1845, 10, '4', '19:30:00', '02:20:00', '21:50:00', '2023-05-26'),
(1846, 9, '4', '14:00:00', '04:45:00', '18:45:00', '2023-05-26'),
(1847, 36, '4', '08:00:00', '09:25:00', '17:25:00', '2023-05-26'),
(1848, 35, '4', '13:20:00', '09:25:00', '22:45:00', '2023-05-26'),
(1849, 34, '4', '02:00:00', '14:55:00', '16:55:00', '2023-05-26'),
(1850, 33, '4', '00:00:00', '14:55:00', '14:55:00', '2023-05-26'),
(1851, 8, '4', '07:35:00', '09:25:00', '17:00:00', '2023-05-26'),
(1852, 7, '4', '10:20:00', '09:25:00', '19:45:00', '2023-05-26'),
(1853, 6, '4', '12:15:00', '10:30:00', '22:45:00', '2023-05-26'),
(1854, 5, '4', '08:00:00', '10:30:00', '18:30:00', '2023-05-26'),
(1855, 4, '4', '17:30:00', '01:21:00', '18:51:00', '2023-05-26'),
(1856, 3, '4', '06:00:00', '10:46:00', '16:46:00', '2023-05-26'),
(1857, 2, '4', '08:30:00', '10:46:00', '19:16:00', '2023-05-26'),
(1858, 1, '4', '06:00:00', '01:21:00', '07:21:00', '2023-05-26'),
(1859, 32, '5', '13:15:00', '02:45:00', '16:00:00', '2023-05-27'),
(1860, 31, '5', '02:00:00', '10:15:00', '12:15:00', '2023-05-27'),
(1861, 30, '5', '04:00:00', '10:15:00', '14:15:00', '2023-05-27'),
(1862, 29, '5', '00:15:00', '02:45:00', '03:00:00', '2023-05-27'),
(1863, 28, '5', '13:00:00', '10:30:00', '23:30:00', '2023-05-27'),
(1864, 27, '5', '20:00:00', '10:30:00', '06:30:00', '2023-05-27'),
(1865, 26, '5', '05:00:00', '10:00:00', '15:00:00', '2023-05-27'),
(1866, 25, '5', '01:30:00', '10:00:00', '11:30:00', '2023-05-27'),
(1867, 24, '5', '10:00:00', '02:55:00', '12:55:00', '2023-05-27'),
(1868, 23, '5', '06:00:00', '02:55:00', '08:55:00', '2023-05-27'),
(1869, 22, '5', '15:00:00', '02:30:00', '17:30:00', '2023-05-27'),
(1870, 21, '5', '19:00:00', '02:30:00', '21:30:00', '2023-05-27'),
(1871, 20, '5', '12:15:00', '02:30:00', '14:45:00', '2023-05-27'),
(1872, 19, '5', '09:00:00', '02:30:00', '11:30:00', '2023-05-27'),
(1873, 18, '5', '13:00:00', '02:55:00', '15:55:00', '2023-05-27'),
(1874, 17, '5', '05:40:00', '02:55:00', '08:35:00', '2023-05-27'),
(1875, 16, '5', '18:30:00', '02:20:00', '20:50:00', '2023-05-27'),
(1876, 15, '5', '17:00:00', '02:20:00', '19:20:00', '2023-05-27'),
(1877, 14, '5', '14:00:00', '03:45:00', '17:45:00', '2023-05-27'),
(1878, 13, '5', '07:30:00', '03:45:00', '11:15:00', '2023-05-27'),
(1879, 12, '5', '15:35:00', '04:45:00', '20:20:00', '2023-05-27'),
(1880, 11, '5', '12:15:00', '02:20:00', '14:35:00', '2023-05-27'),
(1881, 10, '5', '19:30:00', '02:20:00', '21:50:00', '2023-05-27'),
(1882, 9, '5', '14:00:00', '04:45:00', '18:45:00', '2023-05-27'),
(1883, 36, '5', '08:00:00', '09:25:00', '17:25:00', '2023-05-27'),
(1884, 35, '5', '13:20:00', '09:25:00', '22:45:00', '2023-05-27'),
(1885, 34, '5', '02:00:00', '14:55:00', '16:55:00', '2023-05-27'),
(1886, 33, '5', '00:00:00', '14:55:00', '14:55:00', '2023-05-27'),
(1887, 8, '5', '07:35:00', '09:25:00', '17:00:00', '2023-05-27'),
(1888, 7, '5', '10:20:00', '09:25:00', '19:45:00', '2023-05-27'),
(1889, 6, '5', '12:15:00', '10:30:00', '22:45:00', '2023-05-27'),
(1890, 5, '5', '08:00:00', '10:30:00', '18:30:00', '2023-05-27'),
(1891, 4, '5', '17:30:00', '01:21:00', '18:51:00', '2023-05-27'),
(1892, 3, '5', '06:00:00', '10:46:00', '16:46:00', '2023-05-27'),
(1893, 2, '5', '08:30:00', '10:46:00', '19:16:00', '2023-05-27'),
(1894, 1, '5', '06:00:00', '01:21:00', '07:21:00', '2023-05-27'),
(1895, 32, '6', '13:15:00', '02:45:00', '16:00:00', '2023-05-28'),
(1896, 31, '6', '02:00:00', '10:15:00', '12:15:00', '2023-05-28'),
(1897, 30, '6', '04:00:00', '10:15:00', '14:15:00', '2023-05-28'),
(1898, 29, '6', '00:15:00', '02:45:00', '03:00:00', '2023-05-28'),
(1899, 28, '6', '13:00:00', '10:30:00', '23:30:00', '2023-05-28'),
(1900, 27, '6', '20:00:00', '10:30:00', '06:30:00', '2023-05-28'),
(1901, 26, '6', '05:00:00', '10:00:00', '15:00:00', '2023-05-28'),
(1902, 25, '6', '01:30:00', '10:00:00', '11:30:00', '2023-05-28'),
(1903, 24, '6', '10:00:00', '02:55:00', '12:55:00', '2023-05-28'),
(1904, 23, '6', '06:00:00', '02:55:00', '08:55:00', '2023-05-28'),
(1905, 22, '6', '15:00:00', '02:30:00', '17:30:00', '2023-05-28'),
(1906, 21, '6', '19:00:00', '02:30:00', '21:30:00', '2023-05-28'),
(1907, 20, '6', '12:15:00', '02:30:00', '14:45:00', '2023-05-28'),
(1908, 19, '6', '09:00:00', '02:30:00', '11:30:00', '2023-05-28'),
(1909, 18, '6', '13:00:00', '02:55:00', '15:55:00', '2023-05-28'),
(1910, 17, '6', '05:40:00', '02:55:00', '08:35:00', '2023-05-28'),
(1911, 16, '6', '18:30:00', '02:20:00', '20:50:00', '2023-05-28'),
(1912, 15, '6', '17:00:00', '02:20:00', '19:20:00', '2023-05-28'),
(1913, 14, '6', '14:00:00', '03:45:00', '17:45:00', '2023-05-28'),
(1914, 13, '6', '07:30:00', '03:45:00', '11:15:00', '2023-05-28'),
(1915, 12, '6', '15:35:00', '04:45:00', '20:20:00', '2023-05-28'),
(1916, 11, '6', '12:15:00', '02:20:00', '14:35:00', '2023-05-28'),
(1917, 10, '6', '19:30:00', '02:20:00', '21:50:00', '2023-05-28'),
(1918, 9, '6', '14:00:00', '04:45:00', '18:45:00', '2023-05-28'),
(1919, 36, '6', '08:00:00', '09:25:00', '17:25:00', '2023-05-28'),
(1920, 35, '6', '13:20:00', '09:25:00', '22:45:00', '2023-05-28'),
(1921, 34, '6', '02:00:00', '14:55:00', '16:55:00', '2023-05-28'),
(1922, 33, '6', '00:00:00', '14:55:00', '14:55:00', '2023-05-28'),
(1923, 8, '6', '07:35:00', '09:25:00', '17:00:00', '2023-05-28'),
(1924, 7, '6', '10:20:00', '09:25:00', '19:45:00', '2023-05-28'),
(1925, 6, '6', '12:15:00', '10:30:00', '22:45:00', '2023-05-28'),
(1926, 5, '6', '08:00:00', '10:30:00', '18:30:00', '2023-05-28'),
(1927, 4, '6', '17:30:00', '01:21:00', '18:51:00', '2023-05-28'),
(1928, 3, '6', '06:00:00', '10:46:00', '16:46:00', '2023-05-28'),
(1929, 2, '6', '08:30:00', '10:46:00', '19:16:00', '2023-05-28'),
(1930, 1, '6', '06:00:00', '01:21:00', '07:21:00', '2023-05-28'),
(1931, 32, '0', '13:15:00', '02:45:00', '16:00:00', '2023-05-29'),
(1932, 31, '0', '02:00:00', '10:15:00', '12:15:00', '2023-05-29'),
(1933, 30, '0', '04:00:00', '10:15:00', '14:15:00', '2023-05-29'),
(1934, 29, '0', '00:15:00', '02:45:00', '03:00:00', '2023-05-29'),
(1935, 28, '0', '13:00:00', '10:30:00', '23:30:00', '2023-05-29'),
(1936, 27, '0', '20:00:00', '10:30:00', '06:30:00', '2023-05-29'),
(1937, 26, '0', '05:00:00', '10:00:00', '15:00:00', '2023-05-29'),
(1938, 25, '0', '01:30:00', '10:00:00', '11:30:00', '2023-05-29'),
(1939, 24, '0', '10:00:00', '02:55:00', '12:55:00', '2023-05-29'),
(1940, 23, '0', '06:00:00', '02:55:00', '08:55:00', '2023-05-29'),
(1941, 22, '0', '15:00:00', '02:30:00', '17:30:00', '2023-05-29'),
(1942, 21, '0', '19:00:00', '02:30:00', '21:30:00', '2023-05-29'),
(1943, 20, '0', '12:15:00', '02:30:00', '14:45:00', '2023-05-29'),
(1944, 19, '0', '09:00:00', '02:30:00', '11:30:00', '2023-05-29'),
(1945, 18, '0', '13:00:00', '02:55:00', '15:55:00', '2023-05-29'),
(1946, 17, '0', '05:40:00', '02:55:00', '08:35:00', '2023-05-29'),
(1947, 16, '0', '18:30:00', '02:20:00', '20:50:00', '2023-05-29'),
(1948, 15, '0', '17:00:00', '02:20:00', '19:20:00', '2023-05-29'),
(1949, 14, '0', '14:00:00', '03:45:00', '17:45:00', '2023-05-29'),
(1950, 13, '0', '07:30:00', '03:45:00', '11:15:00', '2023-05-29'),
(1951, 12, '0', '15:35:00', '04:45:00', '20:20:00', '2023-05-29'),
(1952, 11, '0', '12:15:00', '02:20:00', '14:35:00', '2023-05-29'),
(1953, 10, '0', '19:30:00', '02:20:00', '21:50:00', '2023-05-29'),
(1954, 9, '0', '14:00:00', '04:45:00', '18:45:00', '2023-05-29'),
(1955, 36, '0', '08:00:00', '09:25:00', '17:25:00', '2023-05-29'),
(1956, 35, '0', '13:20:00', '09:25:00', '22:45:00', '2023-05-29'),
(1957, 34, '0', '02:00:00', '14:55:00', '16:55:00', '2023-05-29'),
(1958, 33, '0', '00:00:00', '14:55:00', '14:55:00', '2023-05-29'),
(1959, 8, '0', '07:35:00', '09:25:00', '17:00:00', '2023-05-29'),
(1960, 7, '0', '10:20:00', '09:25:00', '19:45:00', '2023-05-29'),
(1961, 6, '0', '12:15:00', '10:30:00', '22:45:00', '2023-05-29'),
(1962, 5, '0', '08:00:00', '10:30:00', '18:30:00', '2023-05-29'),
(1963, 4, '0', '17:30:00', '01:21:00', '18:51:00', '2023-05-29'),
(1964, 3, '0', '06:00:00', '10:46:00', '16:46:00', '2023-05-29'),
(1965, 2, '0', '08:30:00', '10:46:00', '19:16:00', '2023-05-29'),
(1966, 1, '0', '06:00:00', '01:21:00', '07:21:00', '2023-05-29'),
(1967, 32, '1', '13:15:00', '02:45:00', '16:00:00', '2023-05-30'),
(1968, 31, '1', '02:00:00', '10:15:00', '12:15:00', '2023-05-30'),
(1969, 30, '1', '04:00:00', '10:15:00', '14:15:00', '2023-05-30'),
(1970, 29, '1', '00:15:00', '02:45:00', '03:00:00', '2023-05-30'),
(1971, 28, '1', '13:00:00', '10:30:00', '23:30:00', '2023-05-30'),
(1972, 27, '1', '20:00:00', '10:30:00', '06:30:00', '2023-05-30'),
(1973, 26, '1', '05:00:00', '10:00:00', '15:00:00', '2023-05-30'),
(1974, 25, '1', '01:30:00', '10:00:00', '11:30:00', '2023-05-30'),
(1975, 24, '1', '10:00:00', '02:55:00', '12:55:00', '2023-05-30'),
(1976, 23, '1', '06:00:00', '02:55:00', '08:55:00', '2023-05-30'),
(1977, 22, '1', '15:00:00', '02:30:00', '17:30:00', '2023-05-30'),
(1978, 21, '1', '19:00:00', '02:30:00', '21:30:00', '2023-05-30'),
(1979, 20, '1', '12:15:00', '02:30:00', '14:45:00', '2023-05-30'),
(1980, 19, '1', '09:00:00', '02:30:00', '11:30:00', '2023-05-30'),
(1981, 18, '1', '13:00:00', '02:55:00', '15:55:00', '2023-05-30'),
(1982, 17, '1', '05:40:00', '02:55:00', '08:35:00', '2023-05-30'),
(1983, 16, '1', '18:30:00', '02:20:00', '20:50:00', '2023-05-30'),
(1984, 15, '1', '17:00:00', '02:20:00', '19:20:00', '2023-05-30'),
(1985, 14, '1', '14:00:00', '03:45:00', '17:45:00', '2023-05-30'),
(1986, 13, '1', '07:30:00', '03:45:00', '11:15:00', '2023-05-30'),
(1987, 12, '1', '15:35:00', '04:45:00', '20:20:00', '2023-05-30'),
(1988, 11, '1', '12:15:00', '02:20:00', '14:35:00', '2023-05-30'),
(1989, 10, '1', '19:30:00', '02:20:00', '21:50:00', '2023-05-30'),
(1990, 9, '1', '14:00:00', '04:45:00', '18:45:00', '2023-05-30'),
(1991, 36, '1', '08:00:00', '09:25:00', '17:25:00', '2023-05-30'),
(1992, 35, '1', '13:20:00', '09:25:00', '22:45:00', '2023-05-30'),
(1993, 34, '1', '02:00:00', '14:55:00', '16:55:00', '2023-05-30'),
(1994, 33, '1', '00:00:00', '14:55:00', '14:55:00', '2023-05-30'),
(1995, 8, '1', '07:35:00', '09:25:00', '17:00:00', '2023-05-30'),
(1996, 7, '1', '10:20:00', '09:25:00', '19:45:00', '2023-05-30'),
(1997, 6, '1', '12:15:00', '10:30:00', '22:45:00', '2023-05-30'),
(1998, 5, '1', '08:00:00', '10:30:00', '18:30:00', '2023-05-30'),
(1999, 4, '1', '17:30:00', '01:21:00', '18:51:00', '2023-05-30'),
(2000, 3, '1', '06:00:00', '10:46:00', '16:46:00', '2023-05-30'),
(2001, 2, '1', '08:30:00', '10:46:00', '19:16:00', '2023-05-30'),
(2002, 1, '1', '06:00:00', '01:21:00', '07:21:00', '2023-05-30');

--
-- Constraints for dumped tables
--

--
-- Constraints for table `account`
--
ALTER TABLE `account`
  ADD CONSTRAINT `account_ibfk_1` FOREIGN KEY (`owner`) REFERENCES `passenger` (`passenger_id`);

--
-- Constraints for table `flight`
--
ALTER TABLE `flight`
  ADD CONSTRAINT `flight_ibfk_1` FOREIGN KEY (`leg_origin`) REFERENCES `airport` (`airport_id`) ON DELETE CASCADE ON UPDATE CASCADE,
  ADD CONSTRAINT `flight_ibfk_2` FOREIGN KEY (`leg_destination`) REFERENCES `airport` (`airport_id`) ON DELETE CASCADE ON UPDATE CASCADE,
  ADD CONSTRAINT `flight_ibfk_3` FOREIGN KEY (`airline`) REFERENCES `airline` (`airline_id`) ON DELETE CASCADE ON UPDATE CASCADE;

--
-- Constraints for table `passenger`
--
ALTER TABLE `passenger`
  ADD CONSTRAINT `passenger_ibfk_1` FOREIGN KEY (`account`) REFERENCES `account` (`account_id`) ON DELETE CASCADE ON UPDATE CASCADE;

--
-- Constraints for table `reservation`
--
ALTER TABLE `reservation`
  ADD CONSTRAINT `reservation_ibfk_1` FOREIGN KEY (`passenger`) REFERENCES `passenger` (`passenger_id`) ON DELETE CASCADE ON UPDATE CASCADE,
  ADD CONSTRAINT `reservation_ibfk_2` FOREIGN KEY (`customer_rep`) REFERENCES `employee` (`employee_id`) ON DELETE CASCADE ON UPDATE CASCADE,
  ADD CONSTRAINT `reservation_ibfk_3` FOREIGN KEY (`scheduled_flight`) REFERENCES `scheduled_flight` (`schedule_record`) ON DELETE CASCADE ON UPDATE CASCADE;

--
-- Constraints for table `scheduled_flight`
--
ALTER TABLE `scheduled_flight`
  ADD CONSTRAINT `scheduled_flight_ibfk_1` FOREIGN KEY (`flight_record`) REFERENCES `flight` (`flight_record`) ON DELETE CASCADE ON UPDATE CASCADE;
COMMIT;

/*!40101 SET CHARACTER_SET_CLIENT=@OLD_CHARACTER_SET_CLIENT */;
/*!40101 SET CHARACTER_SET_RESULTS=@OLD_CHARACTER_SET_RESULTS */;
/*!40101 SET COLLATION_CONNECTION=@OLD_COLLATION_CONNECTION */;
